pcs_user,is_part_time
cocallaghan0@linkedin.com,true
dtabbernor1@weebly.com,true
livankin2@google.cn,false
velmer3@google.es,true
lbilham4@mozilla.com,true
cwestwood5@hc360.com,true
eoldfield6@telegraph.co.uk,false
abalassa7@thetimes.co.uk,true
vbeech8@addthis.com,false
ezannetti9@webs.com,true
ebeehoa@msn.com,false
ncarenb@prnewswire.com,true
gmcmahonc@usnews.com,false
ggreenoughd@free.fr,false
ereallye@nasa.gov,false
emcgivenf@bloglovin.com,true
gmangamg@wisc.edu,false
csinkinsonh@cyberchimps.com,false
ranani@nifty.com,true
imacellarj@wix.com,false
nmolnark@indiegogo.com,true
fduchaml@globo.com,false
agouthm@so-net.ne.jp,false
fmelarkeyn@amazonaws.com,true
baronso@cbc.ca,false
kformanp@cam.ac.uk,true
dbagotq@1688.com,true
tromerilr@cbslocal.com,false
mchicchellis@slideshare.net,false
bveitcht@smh.com.au,false
lscotchmuru@tuttocitta.it,true
lbohmanv@behance.net,false
ddawberw@vimeo.com,true
lstormsx@ebay.co.uk,true
sjermyy@nba.com,false
wcamidgez@51.la,false
wbeeby10@mlb.com,true
amewburn11@infoseek.co.jp,true
cphilipp12@bbb.org,true
fbaggaley13@ed.gov,false
aerrey14@yellowpages.com,true
wsaenz15@themeforest.net,true
mbrace16@amazon.de,true
nmulles17@blinklist.com,true
crudinger18@microsoft.com,true
ekalinsky19@typepad.com,false
lbartol1a@pcworld.com,true
mrosgen1b@gizmodo.com,true
cclunan1c@hibu.com,false
omcshirrie1d@hostgator.com,true
bcowins1e@slate.com,true
clindell1f@pcworld.com,true
pcosgrave1g@desdev.cn,false
agethyn1h@phpbb.com,false
goutibridge1i@stumbleupon.com,false
fcomelini1j@sfgate.com,false
scasperri1k@msn.com,false
rmerriton1l@ted.com,true
llowing1m@washington.edu,false
gblackham1n@bigcartel.com,true
cross1o@goo.ne.jp,true
auttridge1p@myspace.com,true
dstuttard1q@creativecommons.org,false
gmacvicar1r@senate.gov,false
deastup1s@nymag.com,true
awhorall1t@pen.io,true
bkinnin1u@dion.ne.jp,true
cfifoot1v@europa.eu,false
eraycroft1w@sitemeter.com,true
plannen1x@mediafire.com,true
pgebuhr1y@reuters.com,true
jlockitt1z@java.com,false
dgriffin20@hugedomains.com,true
gofallone21@typepad.com,true
fmaudett22@moonfruit.com,true
msteffens23@paypal.com,false
lvizard24@blinklist.com,false
gpalfreyman25@fema.gov,false
brevey26@over-blog.com,false
vstruan27@economist.com,false
jwolters28@over-blog.com,false
lhedylstone29@nhs.uk,false
lverne2a@vimeo.com,true
jbiggerstaff2b@mit.edu,true
msancias2c@multiply.com,true
vscotts2d@sourceforge.net,false
hseniour2e@skype.com,false
nscheffel2f@e-recht24.de,true
garkin2g@ted.com,true
geden2h@webs.com,true
ajurewicz2i@theatlantic.com,true
iwarlock2j@github.io,true
lgreenhouse2k@technorati.com,false
dheld2l@blogtalkradio.com,false
ekruse2m@bandcamp.com,true
gsugar2n@skyrock.com,false
emeasures2o@creativecommons.org,true
aseeks2p@yale.edu,true
ebillyard2q@amazonaws.com,true
mjillings2r@geocities.com,false
wbrusin2s@cdc.gov,true
cwicken2t@usnews.com,false
hpetyakov2u@google.co.jp,false
fauchterlony2v@behance.net,true
boheyne2w@odnoklassniki.ru,false
jwolton2x@amazonaws.com,true
tyuranovev2y@sciencedirect.com,true
rstrotone2z@vk.com,false
ekelbie30@tumblr.com,true
wchattaway31@ezinearticles.com,false
vburgott32@dedecms.com,true
jestcourt33@people.com.cn,false
fbedome34@theglobeandmail.com,true
blinden35@nationalgeographic.com,true
jbaldree36@mashable.com,false
sgayton37@shutterfly.com,false
gdudden38@webmd.com,true
mhousecroft39@nature.com,false
rjeger3a@tamu.edu,false
grattry3b@symantec.com,false
slaurand3c@alexa.com,false
egorges3d@europa.eu,false
mwatsham3e@cam.ac.uk,false
fjenkison3f@csmonitor.com,false
achallener3g@about.me,true
eboard3h@storify.com,true
cbly3i@wix.com,false
rmate3j@wp.com,true
atiplady3k@hibu.com,true
sdarnell3l@multiply.com,false
wscrane3m@java.com,false
hblasoni3n@phpbb.com,true
druggs3o@mac.com,false
ddeamer3p@nifty.com,true
bnoye3q@reddit.com,false
pzanicchelli3r@shareasale.com,false
nlearman3s@gnu.org,true
mprene3t@guardian.co.uk,false
grosiello3u@stumbleupon.com,false
ekuhne3v@admin.ch,true
veye3w@bing.com,true
tlabes3x@businessinsider.com,false
jporch3y@sohu.com,true
mleving3z@github.io,false
dboshier40@mashable.com,false
omeletti41@ifeng.com,true
rjossum42@miibeian.gov.cn,true
bspeers43@rediff.com,true
kyegorov44@desdev.cn,false
ncarman45@theglobeandmail.com,true
csambrook46@bravesites.com,true
palbertson47@npr.org,true
ahathorn48@xing.com,false
fchettoe49@blog.com,true
jbowbrick4a@liveinternet.ru,false
rcrosier4b@utexas.edu,false
tmundle4c@barnesandnoble.com,false
npiser4d@ox.ac.uk,false
wagronski4e@parallels.com,true
cbenley4f@sun.com,false
escaice4g@cisco.com,true
umaiden4h@lycos.com,false
jcurds4i@sitemeter.com,true
cmcsperrin4j@springer.com,false
omenlow4k@vinaora.com,false
pvandrill4l@columbia.edu,false
ddee4m@harvard.edu,false
jkernock4n@reuters.com,true
jbrauninger4o@woothemes.com,true
mkinder4p@ft.com,true
asimonin4q@uiuc.edu,true
ejanuszkiewicz4r@prlog.org,true
sshambrooke4s@businesswire.com,false
uosipenko4t@woothemes.com,false
lweetch4u@domainmarket.com,true
jocheltree4v@admin.ch,false
rbirmingham4w@blinklist.com,false
jdurrant4x@ehow.com,true
nde4y@vkontakte.ru,true
cingleton4z@altervista.org,false
vsteer50@weebly.com,false
rmcgougan51@ameblo.jp,true
bdundon52@wikispaces.com,false
fmcmarquis53@fema.gov,true
wcarlsen54@sina.com.cn,false
jnary55@nbcnews.com,false
mnulty56@google.cn,true
bhaylett57@usatoday.com,true
dbalch58@boston.com,false
mcucuzza59@google.ru,false
cbrangan5a@cbslocal.com,false
lleak5b@gnu.org,false
dconstable5c@moonfruit.com,true
agundry5d@eepurl.com,true
wtreagust5e@ocn.ne.jp,false
msheircliffe5f@noaa.gov,true
rmcillrick5g@wunderground.com,true
lpfeffle5h@xrea.com,true
edunford5i@techcrunch.com,false
cbruinemann5j@hibu.com,true
fdacres5k@businesswire.com,true
erobecon5l@noaa.gov,false
ebrunelli5m@domainmarket.com,true
dwanell5n@moonfruit.com,false
alytton5o@cpanel.net,true
jcogswell5p@telegraph.co.uk,false
nstannett5q@storify.com,true
jbissill5r@slideshare.net,true
lvlasenko5s@patch.com,true
dwollard5t@netvibes.com,true
rbenns5u@alibaba.com,true
wbonner5v@tuttocitta.it,false
bcaldes5w@sakura.ne.jp,true
jlapidus5x@hp.com,false
crodge5y@scientificamerican.com,false
avala5z@istockphoto.com,true
swhyke60@mit.edu,true
rredd61@addtoany.com,false
aedlestone62@bluehost.com,true
sstyle63@yahoo.co.jp,false
asibary64@nature.com,false
vwillshee65@hp.com,false
aebanks66@adobe.com,false
jsilverwood67@goodreads.com,true
myakubovics68@artisteer.com,true
lbatten69@shop-pro.jp,true
eeaglestone6a@ovh.net,true
mbogeys6b@miibeian.gov.cn,false
eboothroyd6c@smugmug.com,true
lfawdry6d@columbia.edu,true
bsimmans6e@utexas.edu,false
dmabbott6f@dmoz.org,true
kspong6g@whitehouse.gov,true
kgorsse6h@census.gov,true
bjellico6i@bravesites.com,false
dpavier6j@photobucket.com,true
gstoven6k@yellowbook.com,false
kcheco6l@army.mil,true
dizachik6m@dmoz.org,false
jerwin6n@unicef.org,true
obabcock6o@baidu.com,true
ckeig6p@ycombinator.com,true
aseakings6q@biglobe.ne.jp,false
cmoreman6r@infoseek.co.jp,true
aconkay6s@nyu.edu,false
ashakeshaft6t@google.de,false
tadriaan6u@pbs.org,false
asier6v@skype.com,true
mjoplin6w@examiner.com,false
hpoon6x@geocities.com,true
asighart6y@studiopress.com,false
gtwell6z@sphinn.com,true
hhawksworth70@posterous.com,false
cmaddicks71@webmd.com,false
tsinnatt72@ucoz.ru,true
obartkiewicz73@xing.com,false
sbenoist74@ameblo.jp,false
fthor75@goo.gl,true
rcurds76@marriott.com,false
clarking77@craigslist.org,true
jann78@amazon.com,true
sklug79@blogs.com,true
sraine7a@nifty.com,true
ede7b@arizona.edu,true
bfrill7c@newyorker.com,false
mbullerwell7d@simplemachines.org,true
cdenerley7e@cdc.gov,false
rgrishaev7f@vimeo.com,true
lwadforth7g@istockphoto.com,true
lscully7h@slideshare.net,true
mclapison7i@google.cn,false
eluparti7j@oracle.com,true
ggrigoriev7k@google.com.au,false
aturfs7l@google.co.jp,true
rdawtrey7m@alexa.com,true
ejanota7n@time.com,true
nfarlham7o@unesco.org,false
gkief7p@behance.net,true
asherwell7q@economist.com,false
dstorrar7r@unc.edu,true
iwinsley7s@scientificamerican.com,true
bhilley7t@facebook.com,true
bbesset7u@constantcontact.com,true
ttemplar7v@auda.org.au,true
fhindes7w@telegraph.co.uk,true
ktrainor7x@msu.edu,false
brivlin7y@360.cn,false
jsimonetti7z@foxnews.com,true
mlodeke80@wunderground.com,false
gbeadle81@tripadvisor.com,false
pdown82@hao123.com,false
kfranchi83@woothemes.com,true
lroubay84@usda.gov,false
aainslie85@webeden.co.uk,true
bferronel86@aol.com,false
iwalles87@toplist.cz,false
charriot88@domainmarket.com,false
tdales89@dropbox.com,false
cblacksell8a@jugem.jp,true
arowatt8b@tripadvisor.com,true
lautin8c@china.com.cn,false
vconen8d@senate.gov,true
ksaveall8e@hatena.ne.jp,true
lkeattch8f@cnet.com,true
kwoodthorpe8g@pcworld.com,false
rkillshaw8h@ycombinator.com,true
klattimer8i@squidoo.com,false
cstangroom8j@cornell.edu,true
dbazely8k@about.com,false
akeenlayside8l@163.com,false
ccasassa8m@apache.org,false
ede8n@indiatimes.com,false
rattiwill8o@bbc.co.uk,false
bgready8p@geocities.jp,true
fdobrowlski8q@usatoday.com,true
hledford8r@friendfeed.com,true
acrick8s@hud.gov,false
dpratty8t@amazon.de,true
plandells8u@theglobeandmail.com,true
ecrowest8v@so-net.ne.jp,false
wgardner8w@tumblr.com,true
dbruin8x@bloglovin.com,false
ahoppner8y@wunderground.com,true
mfairholme8z@nationalgeographic.com,true
pgoracci90@harvard.edu,true
mbestwall91@youtube.com,false
rhauch92@tamu.edu,false
wtrehearne93@google.fr,false
aschleicher94@cafepress.com,true
bcolliard95@gizmodo.com,true
aleonardi96@purevolume.com,true
jpowner97@scribd.com,false
nmackelworth98@wufoo.com,false
cfaulkener99@goodreads.com,true
hroiz9a@cyberchimps.com,true
mcoupman9b@indiatimes.com,false
ksidle9c@github.com,false
pmacneilage9d@digg.com,false
bkybbye9e@seesaa.net,true
vredihough9f@cnbc.com,false
cgrevel9g@squidoo.com,false
strowler9h@princeton.edu,false
aellingham9i@blinklist.com,false
twolffers9j@dmoz.org,false
wgraffin9k@indiegogo.com,true
cbradd9l@merriam-webster.com,true
blugg9m@scribd.com,true
hmohammed9n@ameblo.jp,false
jrugge9o@bloglines.com,false
cghidelli9p@ustream.tv,false
wbernon9q@examiner.com,false
bchesson9r@icio.us,true
bmarcone9s@oaic.gov.au,true
gcheese9t@patch.com,true
rbruinemann9u@pbs.org,false
aglanz9v@disqus.com,true
dcuel9w@google.ru,true
pgarnsworth9x@constantcontact.com,false
tfraniak9y@mapy.cz,false
ftuddall9z@jigsy.com,true
rblonfielda0@whitehouse.gov,false
evannozziia1@stanford.edu,true
jkeasleya2@1und1.de,true
lohenecana3@mapquest.com,true
bshalea4@wired.com,true
lswidenbanka5@nationalgeographic.com,false
hcullinana6@addthis.com,true
dlittleya7@prlog.org,true
bharsnipea8@cbslocal.com,true
jklimaa9@amazon.de,true
ftrainoraa@businessinsider.com,true
lcrambab@topsy.com,true
hennsac@fotki.com,true
fcollifordad@java.com,true
adumbeltonae@4shared.com,true
mfrantsevaf@purevolume.com,true
hsherwinag@hostgator.com,false
bmccrowah@altervista.org,true
rchesonai@jalbum.net,false
arobensaj@1688.com,true
wbrunescoak@ox.ac.uk,true
etrolleyal@un.org,false
mrosettiniam@webs.com,false
fworviellan@ow.ly,true
rwillimottao@sitemeter.com,true
oeccleshallap@woothemes.com,true
gwanellaq@paypal.com,false
silymanovar@google.cn,true
tmoremanas@huffingtonpost.com,true
ktwohigat@4shared.com,false
yquiggau@ifeng.com,true
mmaconav@constantcontact.com,false
mlongoaw@comcast.net,false
mhenrychax@twitter.com,true
ffrantzenay@uiuc.edu,false
sfraczakaz@bandcamp.com,false
gfantinib0@bing.com,false
hkeldb1@opera.com,true
bniesegenb2@4shared.com,false
rbalfb3@yahoo.co.jp,false
bblenkinb4@nbcnews.com,true
tkhosab5@cnn.com,false
moverthrowb6@macromedia.com,false
bdjurisicb7@technorati.com,true
echamberlayneb8@go.com,true
jsimmoniteb9@scientificamerican.com,false
afanceba@domainmarket.com,true
cluigibb@bbc.co.uk,false
azoellnerbc@shutterfly.com,false
acyphusbd@discovery.com,true
dwalickibe@senate.gov,false
pvanbf@ihg.com,false
sdundonbg@people.com.cn,true
fcrimbh@sun.com,false
mslaterbi@ustream.tv,true
ckerfordbj@liveinternet.ru,true
ehurchbk@webnode.com,true
rgregoracibl@chicagotribune.com,true
jgloucesterbm@nba.com,false
tgrelkabn@who.int,false
deeftingbo@newsvine.com,true
creichertbp@biglobe.ne.jp,false
chirsthousebq@reuters.com,false
bwakemanbr@phpbb.com,true
rdennistonbs@wikipedia.org,true
tgreatorexbt@house.gov,false
lkrysztowczykbu@smugmug.com,true
tsootbv@posterous.com,false
ojinkinsbw@apache.org,true
sbendikbx@unesco.org,false
akemetby@hhs.gov,true
fgreedierbz@walmart.com,false
aurienc0@opensource.org,true
hwelfairc1@globo.com,false
dmineghellic2@pcworld.com,true
nmarchisoc3@japanpost.jp,false
hgladdinc4@google.pl,true
eflipsenc5@squarespace.com,true
lmaldenc6@pinterest.com,false
mlisettc7@github.io,true
pgladerc8@uiuc.edu,true
salphegec9@sourceforge.net,true
byorkeca@acquirethisname.com,false
athursfieldcb@surveymonkey.com,true
mipgravecc@blog.com,false
rconachiecd@huffingtonpost.com,false
kdonnellce@nyu.edu,true
kflancinbaumcf@smugmug.com,true
lmarvellcg@spiegel.de,false
wrampleech@nsw.gov.au,true
cmillamci@sbwire.com,false
gsantorinicj@bravesites.com,false
shighwayck@wsj.com,false
jriviliscl@cnn.com,false
piresoncm@g.co,true
jmapescn@omniture.com,true
bdonisico@wsj.com,false
mpaylercp@sun.com,false
tburdecq@webnode.com,true
hkaysercr@xrea.com,true
cpickthallcs@multiply.com,true
jclimerct@so-net.ne.jp,false
wrattenberiecu@loc.gov,true
htrussmancv@npr.org,true
floyleycw@senate.gov,true
mmaylincx@telegraph.co.uk,false
dlonghorncy@aboutads.info,false
cwallwoodcz@yellowbook.com,false
hbillesd0@taobao.com,false
cpurselowd1@tamu.edu,true
lcherringtond2@dailymotion.com,false
bmerwoodd3@uol.com.br,false
mzisnerosd4@twitter.com,true
bbleased5@nature.com,true
rgouneld6@cam.ac.uk,true
dwyethd7@blinklist.com,false
mdand8@over-blog.com,true
kbradleyd9@army.mil,false
rdumperda@statcounter.com,false
weasterlingdb@storify.com,true
ichattdc@merriam-webster.com,true
kmattingsondd@nyu.edu,true
fluckcockde@unc.edu,true
aarnalldf@narod.ru,false
kporrettdg@prweb.com,false
troakesdh@bloglovin.com,false
bblackeydi@live.com,false
cboltdj@biblegateway.com,false
cambroixdk@ezinearticles.com,true
csissondl@sourceforge.net,true
fkabosdm@bloglovin.com,false
jjeffriesdn@odnoklassniki.ru,true
aboijdo@mashable.com,false
ubircherdp@artisteer.com,true
mglidedq@histats.com,false
bderkesdr@fema.gov,true
ayoudds@bloomberg.com,true
iternottdt@dot.gov,true
smatuszinskidu@mozilla.org,true
vaddeydv@wikispaces.com,true
