cc_number,holder_name,expiry_date,owner
3530497833368708,Carita O'Callaghan,2021-05-29,Carita O'Callaghan
4913976122308355,Dominique Tabbernor,2021-12-02,Dominique Tabbernor
5108757219087058,Leoline Ivankin,2021-10-13,Leoline Ivankin
3561694263629821,Vivia Elmer,2022-03-12,Vivia Elmer
5602233242565321,Layney Bilham,2021-12-04,Layney Bilham
676383116732287683,Claybourne Westwood,2021-05-31,Claybourne Westwood
30478372141384,Ede Oldfield,2021-07-02,Ede Oldfield
3549181376578092,Albert Balassa,2021-12-17,Albert Balassa
3571235726050326,Valery Beech,2022-04-01,Valery Beech
5602219762680749,Edmon Zannetti,2022-01-08,Edmon Zannetti
36360862466170,Elfie Beeho,2022-03-20,Elfie Beeho
5100141709506141,Noby Caren,2021-07-07,Noby Caren
3557235255071873,Georgeanna McMahon,2021-08-31,Georgeanna McMahon
3582585601517006,Gracia Greenough,2021-05-22,Gracia Greenough
3548946115507649,Essy Really,2021-08-24,Essy Really
3579586188213519,Emmi McGiven,2021-10-20,Emmi McGiven
5602241108667776,Gael Mangam,2021-12-18,Gael Mangam
6706884269517372,Clementius Sinkinson,2021-06-14,Clementius Sinkinson
4913946967282809,Reider Anan,2022-02-07,Reider Anan
3577828260701132,Isaiah Macellar,2022-02-20,Isaiah Macellar
3572018443838200,Nicky Molnar,2021-06-23,Nicky Molnar
3582090220628607,Fredra Ducham,2022-01-19,Fredra Ducham
5002353637087420,Angelica Gouth,2021-11-15,Angelica Gouth
30049465741214,Francklin Melarkey,2021-09-27,Francklin Melarkey
3547078707720744,Belvia Arons,2021-10-29,Belvia Arons
6771381236522130,Kaia Forman,2021-11-13,Kaia Forman
374288557082194,Dot Bagot,2021-08-29,Dot Bagot
5010120143612912,Tabbi Romeril,2021-09-18,Tabbi Romeril
374283272237801,Marvin Chicchelli,2021-12-14,Marvin Chicchelli
201883988650269,Barbabra Veitch,2022-01-04,Barbabra Veitch
3567819155095963,Lonnie Scotchmur,2021-08-09,Lonnie Scotchmur
6334852218949868677,Lockwood Bohman,2021-08-04,Lockwood Bohman
4844496119272856,Dermot Dawber,2021-11-24,Dermot Dawber
5602235047831808,Lana Storms,2021-10-18,Lana Storms
3531209140433623,Sammy Jermy,2022-03-27,Sammy Jermy
50387021213686615,Wainwright Camidge,2022-01-05,Wainwright Camidge
5100177523128175,Waylon Beeby,2022-02-16,Waylon Beeby
3572519635944169,Averell Mewburn,2021-06-03,Averell Mewburn
201822663274995,Charmine Philipp,2021-09-29,Charmine Philipp
4936274324351727,Florenza Baggaley,2021-12-30,Florenza Baggaley
5002353005317680,Ally Errey,2021-12-31,Ally Errey
5048373727352993,Wyatan Saenz,2021-06-08,Wyatan Saenz
5007663890126714,Misty Brace,2021-10-28,Misty Brace
372301705225854,Neddy Mulles,2021-07-21,Neddy Mulles
3546500307828073,Chrystal Rudinger,2022-02-02,Chrystal Rudinger
4903607771058361,Evonne Kalinsky,2021-11-11,Evonne Kalinsky
3542463978364205,Lorettalorna Bartol,2021-07-31,Lorettalorna Bartol
201750745077153,Miltie Rosgen,2021-08-28,Miltie Rosgen
3570131298439669,Christos Clunan,2022-04-18,Christos Clunan
3574814252302983,Olga McShirrie,2022-03-10,Olga McShirrie
3540633992984665,Burlie Cowins,2022-03-11,Burlie Cowins
3558073415120796,Charyl Lindell,2021-12-14,Charyl Lindell
3573520552870634,Pippy Cosgrave,2021-08-27,Pippy Cosgrave
5532692104393038,Alberto Gethyn,2021-09-17,Alberto Gethyn
5556271104953074,Gussy Outibridge,2021-06-05,Gussy Outibridge
3558453976357724,Fred Comelini,2021-08-28,Fred Comelini
30557870907949,Sara-ann Casperri,2021-12-20,Sara-ann Casperri
4026784137470770,Rolland Merriton,2021-06-06,Rolland Merriton
6762600757170684813,Leonora Lowing,2021-09-02,Leonora Lowing
6771521274306470,Galven Blackham,2022-03-11,Galven Blackham
4508330166533349,Cristionna Ross,2022-03-17,Cristionna Ross
6395688477389532,Aguste Uttridge,2022-03-06,Aguste Uttridge
3588912097936421,Dewain Stuttard,2021-10-01,Dewain Stuttard
3559141359783116,Gabriel MacVicar,2021-07-21,Gabriel MacVicar
201962075818508,Dione Eastup,2022-02-05,Dione Eastup
3537786394279483,Allissa Whorall,2022-03-09,Allissa Whorall
4936246160511990647,Bel Kinnin,2022-02-10,Bel Kinnin
3561874004987965,Clarine Fifoot,2022-02-11,Clarine Fifoot
201863061447403,Evelin Raycroft,2021-11-03,Evelin Raycroft
3541882383000784,Petronella Lannen,2021-06-13,Petronella Lannen
201619094575705,Penrod Gebuhr,2021-06-25,Penrod Gebuhr
3556152132093866,Jessey Lockitt,2021-06-07,Jessey Lockitt
6767357155704771202,Debera Griffin,2021-05-29,Debera Griffin
5602251348928276,Gabriele O'Fallone,2021-09-18,Gabriele O'Fallone
3536708985945844,Filide Maudett,2021-08-28,Filide Maudett
3545147069616477,Michaella Steffens,2021-09-08,Michaella Steffens
201963863478646,Lucy Vizard,2021-06-18,Lucy Vizard
630420976895347505,Gerik Palfreyman,2022-03-05,Gerik Palfreyman
3581614304282378,Ban Revey,2022-01-24,Ban Revey
5100135032932214,Valery Struan,2021-11-09,Valery Struan
503855674673490299,Jen Wolters,2022-03-30,Jen Wolters
5602223037160206,Lydon Hedylstone,2021-07-28,Lydon Hedylstone
633457536626022296,La verne Chatteris,2022-01-29,La verne Chatteris
30161246554335,Jacynth Biggerstaff,2021-11-30,Jacynth Biggerstaff
4905047631167383,Meg Sancias,2021-08-02,Meg Sancias
3577205194223063,Valencia Scotts,2021-12-26,Valencia Scotts
5602238649068704,Helga Seniour,2021-12-11,Helga Seniour
3529550479978116,Nan Scheffel,2021-05-23,Nan Scheffel
3530294492770203,Geneva Arkin,2021-08-29,Geneva Arkin
3550086102872691,Garnet Eden,2021-09-11,Garnet Eden
56022416642751238,Alain Jurewicz,2022-03-12,Alain Jurewicz
30278541961971,Isiahi Warlock,2021-07-17,Isiahi Warlock
3583979923134286,Linoel Greenhouse,2021-08-05,Linoel Greenhouse
3549409056682201,Darcee Held,2021-06-12,Darcee Held
6331108409190509692,Ernest Kruse,2021-07-12,Ernest Kruse
6398562182543062,Georgetta Sugar,2021-06-06,Georgetta Sugar
3536073951081839,Esmaria Measures,2021-12-08,Esmaria Measures
3534010292409594,Araldo Seeks,2021-10-15,Araldo Seeks
3560925951513401,Elisa Billyard,2021-12-17,Elisa Billyard
3536602061527057,Maureen Jillings,2022-04-02,Maureen Jillings
3549278739275554,Wylie Brusin,2021-05-26,Wylie Brusin
3541560310403293,Cecilla Wicken,2021-07-04,Cecilla Wicken
3576476034345736,Hillard Petyakov,2022-04-10,Hillard Petyakov
4041593950439,Fernanda Auchterlony,2022-03-25,Fernanda Auchterlony
560222860608122968,Britta O'Heyne,2021-11-22,Britta O'Heyne
6394224057060342,Joletta Wolton,2022-02-07,Joletta Wolton
6333934794629399,Trina Yuranovev,2022-03-22,Trina Yuranovev
3562961340077053,Rosabella Strotone,2021-06-17,Rosabella Strotone
6334648605597334920,Emile Kelbie,2021-10-13,Emile Kelbie
201445726712122,Winne Chattaway,2022-01-28,Winne Chattaway
201620197572839,Vivian Burgott,2021-06-29,Vivian Burgott
5641829397318668014,Jaymee Estcourt,2021-11-20,Jaymee Estcourt
337941509422522,Fredi Bedome,2021-08-02,Fredi Bedome
4508121546097372,Boonie Linden,2021-08-13,Boonie Linden
6761878233203380479,Joyann Baldree,2021-09-13,Joyann Baldree
630457406509937216,Shelden Gayton,2022-01-08,Shelden Gayton
5235853468671522,Gardner Dudden,2022-04-08,Gardner Dudden
67616165006055368,Milton Housecroft,2021-12-26,Milton Housecroft
6706390053962634,Regina Jeger,2021-11-26,Regina Jeger
201727529963121,Garnette Rattry,2022-02-10,Garnette Rattry
5007663535505306,Shelby Laurand,2022-03-05,Shelby Laurand
3584514031760364,Ephrayim Gorges,2021-12-14,Ephrayim Gorges
6762041625370464,Myles Watsham,2021-09-27,Myles Watsham
4913317778355053,Farris Jenkison,2021-08-04,Farris Jenkison
6382555477326704,Alyse Challener,2021-07-15,Alyse Challener
5007668330601861,Esdras Board,2021-06-14,Esdras Board
630480905287013042,Cariotta Bly,2021-09-18,Cariotta Bly
5602218111329875,Romain Mate,2022-04-13,Romain Mate
5007663537694207,Adriaens Tiplady,2022-01-01,Adriaens Tiplady
5048371274132628,Stacey Darnell,2021-05-22,Stacey Darnell
5602235391733840,Westbrook Scrane,2021-11-14,Westbrook Scrane
3576941063146511,Hoebart Blasoni,2021-09-26,Hoebart Blasoni
3561525359084515,Diane Ruggs,2021-08-05,Diane Ruggs
3530349063954634,Duffy Deamer,2021-08-27,Duffy Deamer
3547794205106828,Byram Noye,2022-03-27,Byram Noye
3563481696806806,Perice Zanicchelli,2021-09-19,Perice Zanicchelli
3545777284068003,Nanny Learman,2022-03-15,Nanny Learman
3539772278315633,Morton Prene,2021-09-14,Morton Prene
4405339126902282,Gerrard Rosiello,2021-12-04,Gerrard Rosiello
30152589273567,Essa Kuhne,2021-07-24,Essa Kuhne
3529486905466048,Valina Eye,2021-12-05,Valina Eye
3547090028900970,Tobey Labes,2021-05-30,Tobey Labes
5283897722762206,Jenn Porch,2022-01-14,Jenn Porch
3553590662714034,Maxy Leving,2021-09-08,Maxy Leving
3559754229878609,Dedra Boshier,2022-02-16,Dedra Boshier
3565449926837527,Oneida Meletti,2022-02-27,Oneida Meletti
3573152726291156,Rhodia Jossum,2021-12-30,Rhodia Jossum
5002352348240740,Billi Speers,2022-01-09,Billi Speers
3582725743387765,Kristina Yegorov,2021-07-29,Kristina Yegorov
5136532189198177,Norine Carman,2021-10-06,Norine Carman
3534258974261144,Corliss Sambrook,2021-10-27,Corliss Sambrook
5602211068933872,Pru Albertson,2022-01-28,Pru Albertson
3586775807516219,Alexa Hathorn,2022-03-24,Alexa Hathorn
3566405344739496,Fan Chettoe,2021-09-20,Fan Chettoe
493689843618105942,Jeffy Bowbrick,2022-04-01,Jeffy Bowbrick
36327737319819,Randene Crosier,2021-07-24,Randene Crosier
30108697157506,Tabby Mundle,2022-03-29,Tabby Mundle
374622646635127,Nicolina Piser,2021-06-07,Nicolina Piser
4508409540597913,Woody Agronski,2021-06-21,Woody Agronski
5602225723360131,Clo Benley,2021-09-12,Clo Benley
3543411906945024,Elvyn Scaice,2022-04-08,Elvyn Scaice
4508722261435190,Urbain Maiden,2021-10-25,Urbain Maiden
201410324156759,Joaquin Curds,2021-07-23,Joaquin Curds
3578840326269896,Celle McSperrin,2022-03-31,Celle McSperrin
4405912645629204,Othella Menlow,2021-05-30,Othella Menlow
6771204952805796,Prudence Vandrill,2021-09-11,Prudence Vandrill
5602222085626837,Dee dee Moulton,2021-07-08,Dee dee Moulton
3568685512006244,Jerry Kernock,2021-07-12,Jerry Kernock
67592894111345491,Justino Brauninger,2021-11-10,Justino Brauninger
56022455366584763,Mira Kinder,2021-07-08,Mira Kinder
06040226666567771,Angelle Simonin,2021-12-09,Angelle Simonin
6374874559278943,Eugen Januszkiewicz,2022-04-01,Eugen Januszkiewicz
3576048580213533,Sheela Shambrooke,2021-09-26,Sheela Shambrooke
5020467023613223,Uriah Osipenko,2022-01-26,Uriah Osipenko
36067932483982,Lovell Weetch,2021-06-11,Lovell Weetch
5100173089619806,Jasmina Ocheltree,2022-02-12,Jasmina Ocheltree
5100138285851156,Rafferty Birmingham,2021-08-07,Rafferty Birmingham
5602255551679443,Joleen Durrant,2021-10-26,Joleen Durrant
374622840885288,Nisse De Vaux,2022-03-25,Nisse De Vaux
3587636060084502,Clerc Ingleton,2022-03-09,Clerc Ingleton
5610235775028155,Valdemar Steer,2021-05-31,Valdemar Steer
3572501153959795,Roxie McGougan,2021-10-30,Roxie McGougan
5610533787157339,Broddie Dundon,2022-02-14,Broddie Dundon
490372875698474481,Flinn McMarquis,2021-09-27,Flinn McMarquis
4026239479151710,Waylin Carlsen,2022-02-05,Waylin Carlsen
201610135619677,Jayme Nary,2021-06-06,Jayme Nary
3551382083452242,Mabelle Nulty,2021-08-12,Mabelle Nulty
490338910931415778,Brenda Haylett,2021-10-15,Brenda Haylett
3544556169734355,Danella Balch,2021-10-17,Danella Balch
3552575377079279,Marlena Cucuzza,2021-12-06,Marlena Cucuzza
5602216438275273621,Cynthea Brangan,2021-10-29,Cynthea Brangan
3578041261911408,Lonna Leak,2022-02-24,Lonna Leak
676280648098517737,Danell Constable,2021-06-16,Danell Constable
3536720713564086,Asa Gundry,2021-09-13,Asa Gundry
5100176070616822,Wendye Treagust,2021-11-27,Wendye Treagust
3533414234176041,Meghan Sheircliffe,2022-03-27,Meghan Sheircliffe
4936972375988663424,Ritchie McIllrick,2021-10-22,Ritchie McIllrick
3534454348289206,Lane Pfeffle,2021-11-10,Lane Pfeffle
5610474093592150,Elisha Dunford,2021-12-28,Elisha Dunford
6706838090822880,Claribel Bruinemann,2021-07-12,Claribel Bruinemann
3547906348368376,Fenelia Dacres,2021-07-31,Fenelia Dacres
3545492341603400,Eben Robecon,2022-04-15,Eben Robecon
3544761886272750,Ernesta Brunelli,2022-03-12,Ernesta Brunelli
3539730461525558,Donelle Wanell,2021-05-27,Donelle Wanell
5010123983745529,Andriette Lytton,2021-06-18,Andriette Lytton
3577709332261547,Jereme Cogswell,2022-01-01,Jereme Cogswell
3589362676725507,Nefen Stannett,2022-01-13,Nefen Stannett
3582842331662499,Jess Bissill,2022-03-19,Jess Bissill
201825417689459,Lilith Vlasenko,2021-11-04,Lilith Vlasenko
5602223954077390968,Darlene Wollard,2021-11-15,Darlene Wollard
5010125979569243,Roda Benns,2021-11-19,Roda Benns
3538894046874823,Wyndham Bonner,2022-03-30,Wyndham Bonner
3583432854430497,Babbette Caldes,2021-07-06,Babbette Caldes
67090066921700788,Janie Lapidus,2021-12-28,Janie Lapidus
5551331692601884,Carmine Rodge,2021-12-26,Carmine Rodge
3550292161174108,Alvina Vala,2022-02-23,Alvina Vala
564182674478953901,Siana Whyke,2021-08-05,Siana Whyke
5108248464559389,Rowena Redd,2021-05-29,Rowena Redd
5602218659275511409,Anthiathia Edlestone,2021-07-26,Anthiathia Edlestone
5100142026187615,Scarlet Style,2021-10-15,Scarlet Style
4911159535296519075,Alec Sibary,2021-11-02,Alec Sibary
3572715059651880,Vivianne Willshee,2021-06-18,Vivianne Willshee
6767091392079363,Alexandre Ebanks,2021-12-02,Alexandre Ebanks
5602248092385117,Janeta Silverwood,2021-10-23,Janeta Silverwood
5100173127716556,Melly Yakubovics,2021-09-21,Melly Yakubovics
4917392052599284,Lesly Batten,2022-03-26,Lesly Batten
3537393250196248,Emilee Eaglestone,2022-03-05,Emilee Eaglestone
5610624096525033,Maddalena Bogeys,2021-05-25,Maddalena Bogeys
675937165306842145,Esra Boothroyd,2021-07-27,Esra Boothroyd
30128355958078,Liliane Fawdry,2021-07-03,Liliane Fawdry
3541152777936088,Benny Simmans,2021-06-09,Benny Simmans
63045267278166772,Deirdre Mabbott,2021-11-09,Deirdre Mabbott
3582714969361506,Karna Spong,2021-10-01,Karna Spong
67628969965420992,Kimble Gorsse,2021-09-09,Kimble Gorsse
4936098579642181777,Bourke Jellico,2021-09-27,Bourke Jellico
3572564769200111,Derick Pavier,2021-08-15,Derick Pavier
5002353855965893,Gertrud Stoven,2021-12-25,Gertrud Stoven
3547533753211519,Kandy Checo,2021-11-02,Kandy Checo
4656164822392,Dianna Izachik,2021-07-06,Dianna Izachik
6759803548330635,Janna Erwin,2021-09-12,Janna Erwin
3549316453329171,Ody Babcock,2021-06-02,Ody Babcock
3562185811273450,Carolina Keig,2022-04-17,Carolina Keig
4175008001384332,Addy Seakings,2021-06-30,Addy Seakings
3575477303879109,Cleavland Moreman,2021-07-29,Cleavland Moreman
6759415850258971,Aristotle Conkay,2021-10-13,Aristotle Conkay
63045372387501578,Amandi Shakeshaft,2021-07-19,Amandi Shakeshaft
633386316171444773,Tab Adriaan,2021-10-01,Tab Adriaan
67719351397888916,Augy Sier,2021-07-17,Augy Sier
3539897320775995,Meggy Joplin,2021-11-29,Meggy Joplin
5893448046121639716,Harlin Poon,2021-06-29,Harlin Poon
5038162664157594,Austin Sighart,2022-04-18,Austin Sighart
3528004061947593,Giacomo Twell,2021-05-30,Giacomo Twell
5100136941056657,Hyacinthe Hawksworth,2021-08-12,Hyacinthe Hawksworth
3566462181350739,Chico Maddicks,2021-08-18,Chico Maddicks
374283928665520,Tasha Sinnatt,2021-09-19,Tasha Sinnatt
3575929268968509,Olivier Bartkiewicz,2022-03-02,Olivier Bartkiewicz
5602254219611570828,Sigfrid Benoist,2021-08-30,Sigfrid Benoist
36227938120398,Fair Thor,2021-08-28,Fair Thor
3586030702510481,Rafaellle Curds,2021-12-14,Rafaellle Curds
3573097452471433,Chandal Larking,2022-02-12,Chandal Larking
6759079755418203,Jo ann Vakhrushev,2021-09-27,Jo ann Vakhrushev
6304730004953313,Sigismund Klug,2021-07-20,Sigismund Klug
5474304176507228,Sharona Raine,2021-08-02,Sharona Raine
3588501283851104,Eddy De Roos,2021-10-10,Eddy De Roos
30201211330517,Brietta Frill,2021-08-19,Brietta Frill
3562183973687898,Monica Bullerwell,2021-12-25,Monica Bullerwell
3579397712522957,Chaim Denerley,2022-03-23,Chaim Denerley
3532620979852320,Romola Grishaev,2022-03-29,Romola Grishaev
6331104593166342511,Leisha Wadforth,2021-06-23,Leisha Wadforth
6709120682437899,Letizia Scully,2022-03-21,Letizia Scully
560222677577035686,Matteo Clapison,2021-07-01,Matteo Clapison
3541614895429379,Elset Luparti,2021-05-27,Elset Luparti
374288919197177,Gardiner Grigoriev,2021-09-30,Gardiner Grigoriev
67596872782546460,Ahmad Turfs,2021-10-06,Ahmad Turfs
30272888201299,Rhea Dawtrey,2021-08-09,Rhea Dawtrey
6331103237896849,Electra Janota,2021-11-27,Electra Janota
3551099168312311,Nataniel Farlham,2021-09-02,Nataniel Farlham
3534109793315449,Gilli Kief,2021-11-13,Gilli Kief
6372327912051038,Alyosha Sherwell,2021-08-24,Alyosha Sherwell
374283488313073,Denna Storrar,2021-08-20,Denna Storrar
3565123595229064,Irvin Winsley,2022-01-31,Irvin Winsley
3588854272957568,Bambie Hilley,2022-03-30,Bambie Hilley
372301284137728,Barbaraanne Besset,2021-06-12,Barbaraanne Besset
201767049646285,Torre Templar,2022-02-19,Torre Templar
3545435958537759,Fredelia Hindes,2021-07-02,Fredelia Hindes
3534545727656665,Keane Trainor,2021-12-02,Keane Trainor
5137196991030405,Bliss Rivlin,2021-06-30,Bliss Rivlin
3529415711470258,Johnathon Simonetti,2022-01-18,Johnathon Simonetti
374288628241084,Max Lodeke,2021-06-16,Max Lodeke
3589382409313348,Gabriel Beadle,2021-09-29,Gabriel Beadle
5641824790751116,Peria Down,2021-08-14,Peria Down
6763849413941947811,Kathlin Franchi,2022-04-07,Kathlin Franchi
3553636225066741,Lotty Roubay,2021-07-21,Lotty Roubay
3538964335582856,Ania Ainslie,2021-09-19,Ania Ainslie
4508363790276654,Beryl Ferronel,2021-12-06,Beryl Ferronel
5010129619471216,Isa Walles,2021-09-17,Isa Walles
3543849347609156,Cary Harriot,2022-02-16,Cary Harriot
5123823763426299,Tymothy Dales,2021-07-02,Tymothy Dales
6763885679177673,Chance Blacksell,2021-09-16,Chance Blacksell
5602210788831853,Augustus Rowatt,2021-11-11,Augustus Rowatt
3580907618923062,Lily Autin,2022-01-24,Lily Autin
630456931061350285,Vincenz Conen,2021-08-09,Vincenz Conen
346266389136532,Kesley Saveall,2022-03-21,Kesley Saveall
4896268093629,Liane Keattch,2022-02-03,Liane Keattch
3573238966647130,Kellie Woodthorpe,2022-01-27,Kellie Woodthorpe
201790686727259,Ronna Killshaw,2021-09-14,Ronna Killshaw
3574902144122998,Koenraad Lattimer,2021-12-19,Koenraad Lattimer
5100149283656208,Cart Stangroom,2021-06-06,Cart Stangroom
564182407719155790,Dorree Bazely,2022-02-14,Dorree Bazely
3570088982592197,Ashely Keenlayside,2022-04-17,Ashely Keenlayside
5048374008595250,Cheston Casassa,2021-10-09,Cheston Casassa
3543645452172372,Edmund De Cleyne,2021-10-13,Edmund De Cleyne
201791717582143,Rachele Attiwill,2021-06-02,Rachele Attiwill
3589164227176945,Bibbie Gready,2021-09-06,Bibbie Gready
4175002155155176,Fred Dobrowlski,2022-01-28,Fred Dobrowlski
6333367065807420,Hadleigh Ledford,2021-11-02,Hadleigh Ledford
5610656248201667,Aymer Crick,2021-12-08,Aymer Crick
5100172029718140,Della Pratty,2021-06-05,Della Pratty
3548511619732281,Patric Landells,2022-04-19,Patric Landells
5100139258197627,Eldredge Crowest,2021-07-09,Eldredge Crowest
5535357726488551,Wynny Gardner,2022-02-02,Wynny Gardner
4175009418522886,Darbie Bruin,2021-06-29,Darbie Bruin
5100135905114601,Arte Hoppner,2022-01-26,Arte Hoppner
3572475237674151,Mayer Fairholme,2021-11-10,Mayer Fairholme
630487007816916580,Perry Goracci,2021-08-27,Perry Goracci
4936646971739148933,Michaela Bestwall,2021-08-24,Michaela Bestwall
6304378960898267942,Raven Hauch,2022-02-01,Raven Hauch
5214395477912641,Whit Trehearne,2022-03-24,Whit Trehearne
6759673434279464624,Audie Schleicher,2021-12-26,Audie Schleicher
3583942920540202,Bryana Colliard,2021-08-09,Bryana Colliard
3532406313324675,Aurie Leonardi,2021-09-17,Aurie Leonardi
201952165536995,Jerrie Powner,2021-12-04,Jerrie Powner
5018931964927797,Nealson Mackelworth,2021-09-12,Nealson Mackelworth
201797922871247,Courtney Faulkener,2021-11-25,Courtney Faulkener
3571415744886535,Hamlen Roiz,2021-10-06,Hamlen Roiz
4936851930952798,Madelena Coupman,2021-05-20,Madelena Coupman
560223545308873080,Karoline Sidle,2021-07-18,Karoline Sidle
3567743662463003,Perl MacNeilage,2021-11-29,Perl MacNeilage
5100142581754486,Benjy Kybbye,2022-04-11,Benjy Kybbye
5602237655023371143,Velma Redihough,2021-10-29,Velma Redihough
3550609691609412,Carley Grevel,2021-10-15,Carley Grevel
5002351326411133,Suzie Trowler,2021-11-24,Suzie Trowler
3556120533027346,Armstrong Ellingham,2021-11-30,Armstrong Ellingham
201455997423432,Tamera Wolffers,2021-07-31,Tamera Wolffers
50205043331688547,Winny Graffin,2022-03-19,Winny Graffin
3556405398560634,Corinne Bradd,2021-08-23,Corinne Bradd
343010271988060,Briggs Lugg,2022-02-23,Briggs Lugg
4913882529833005,Heida Mohammed,2021-12-06,Heida Mohammed
4405986220552049,Jennie Rugge,2021-08-31,Jennie Rugge
3589701051332944,Cornelia Ghidelli,2021-05-31,Cornelia Ghidelli
63040195173464684,Wylie Bernon,2021-11-26,Wylie Bernon
3577337027498768,Bay Chesson,2021-10-05,Bay Chesson
201535449538778,Bryn Marcone,2022-03-10,Bryn Marcone
374622608816715,Genia Cheese,2022-01-17,Genia Cheese
6706076509172362191,Raffarty Bruinemann,2021-07-19,Raffarty Bruinemann
3582681000343258,Arnie Glanz,2021-09-27,Arnie Glanz
337941636223017,Des Cuel,2021-07-19,Des Cuel
3568497963518796,Pat Garnsworth,2021-10-02,Pat Garnsworth
3587218891643531,Temple Franiak,2021-05-22,Temple Franiak
6709544950790276124,Felizio Tuddall,2021-06-18,Felizio Tuddall
5602230748028467748,Raffaello Blonfield,2021-10-01,Raffaello Blonfield
50388670284430417,Eolande Vannozzii,2021-06-15,Eolande Vannozzii
3529082226366379,Jonathan Keasley,2021-11-12,Jonathan Keasley
5125368875193872,Lizette O'Henecan,2021-11-08,Lizette O'Henecan
58932997630310587,Baird Shale,2021-08-08,Baird Shale
3545220440113736,Lavinia Swidenbank,2022-03-10,Lavinia Swidenbank
30187530949006,Harper Cullinan,2021-11-30,Harper Cullinan
5018912489421193,Daphna Littley,2022-01-30,Daphna Littley
30354958193737,Benjy Harsnipe,2022-02-27,Benjy Harsnipe
3534985928931006,Jaimie Klima,2021-05-21,Jaimie Klima
3531863367736264,Flory Trainor,2022-04-13,Flory Trainor
3562146966638988,Lucretia Cramb,2021-09-30,Lucretia Cramb
3568501095968256,Hashim Enns,2021-09-12,Hashim Enns
4175000770597715,Fay Colliford,2022-03-25,Fay Colliford
30242831275013,Aridatha Dumbelton,2021-08-31,Aridatha Dumbelton
3549134132469411,Madelaine Frantsev,2021-10-11,Madelaine Frantsev
3587419923255712,Horten Sherwin,2021-10-04,Horten Sherwin
337941255624222,Bobbie McCrow,2021-07-30,Bobbie McCrow
201858058408350,Rosie Cheson,2021-06-19,Rosie Cheson
5272174347714142,Anderea Robens,2022-01-04,Anderea Robens
3582045826174851,Willie Brunesco,2021-07-19,Willie Brunesco
4041375401972392,Elmer Trolley,2022-01-21,Elmer Trolley
3563883010257154,Marlo Rosettini,2021-08-02,Marlo Rosettini
5534679444479955,Fons Worviell,2021-08-06,Fons Worviell
3576352625257798,Riva Willimott,2021-07-21,Riva Willimott
5602256338466715680,Otto Eccleshall,2022-03-02,Otto Eccleshall
4041376098604421,Gilberte Wanell,2021-11-12,Gilberte Wanell
3587185648790420,Skip Ilymanov,2022-02-15,Skip Ilymanov
372301655127290,Travis Moreman,2022-01-02,Travis Moreman
5161819311833534,Kathye Twohig,2022-01-05,Kathye Twohig
4903653271220168338,Yuri Quigg,2021-10-26,Yuri Quigg
3589244675818402,Manfred Macon,2021-06-29,Manfred Macon
3559062930911408,Marjorie Longo,2021-06-13,Marjorie Longo
3559015256914646,Malorie Henrych,2021-05-28,Malorie Henrych
4041599269768747,Frederigo Frantzen,2022-03-06,Frederigo Frantzen
3567904130599089,Shelagh Fraczak,2022-02-16,Shelagh Fraczak
5100171829828992,Gilberto Fantini,2022-04-16,Gilberto Fantini
3529931099608681,Horton Keld,2021-10-29,Horton Keld
3533969334919145,Bond Niesegen,2021-06-21,Bond Niesegen
3567490036710921,Romona Balf,2021-12-04,Romona Balf
490336724147274644,Bernardine Blenkin,2021-12-11,Bernardine Blenkin
5602243634853649,Toddie Khosa,2022-01-29,Toddie Khosa
5602250874026190,Melania Overthrow,2021-11-23,Melania Overthrow
6387421293433072,Bonnee Djurisic,2022-01-16,Bonnee Djurisic
3557688034010085,Emmye Chamberlayne,2021-12-14,Emmye Chamberlayne
561077660477291629,Jackelyn Simmonite,2021-06-13,Jackelyn Simmonite
5433889076490046,Anabal Fance,2021-11-16,Anabal Fance
3545436387735279,Candis Luigi,2021-08-22,Candis Luigi
5547713339324557,Angie Zoellner,2022-03-20,Angie Zoellner
3582623698958435,Aldridge Cyphus,2022-04-02,Aldridge Cyphus
633485316376543684,Deb Walicki,2021-12-25,Deb Walicki
6394202829823247,Percival Van,2022-02-09,Percival Van
5007666313389439,Sarge Dundon,2021-10-27,Sarge Dundon
3564545449614433,Francis Crim,2021-08-12,Francis Crim
3586781045710622,Mirella Slater,2022-01-16,Mirella Slater
201970688406090,Cally Kerford,2021-11-30,Cally Kerford
3555729909553734,Eran Hurch,2022-01-08,Eran Hurch
493675236533180007,Raul Gregoraci,2021-09-12,Raul Gregoraci
3581644460824853,Jard Gloucester,2021-09-14,Jard Gloucester
5610575698564020,Tad Grelka,2022-01-07,Tad Grelka
670667345861067612,Darrelle Eefting,2021-09-19,Darrelle Eefting
3567917458627514,Carleen Reichert,2021-09-22,Carleen Reichert
3569569034616574,Cacilie Hirsthouse,2021-07-10,Cacilie Hirsthouse
3579242722506345,Brice Wakeman,2021-12-30,Brice Wakeman
3545375767637780,Riane Denniston,2021-06-21,Riane Denniston
3559260401551139,Tommie Greatorex,2021-06-08,Tommie Greatorex
3572561928850893,Levey Krysztowczyk,2021-12-17,Levey Krysztowczyk
6383471739332267,Tomasina Soot,2021-11-07,Tomasina Soot
36428371177719,Orion Jinkins,2021-07-10,Orion Jinkins
5100137208524650,Samson Bendik,2021-11-19,Samson Bendik
201618085740302,Arnie Kemet,2021-11-02,Arnie Kemet
5007660988768894,Fanni Greedier,2021-10-17,Fanni Greedier
374622871667506,Aaren Urien,2021-10-31,Aaren Urien
3542135996158062,Hester Welfair,2021-09-20,Hester Welfair
201973536950202,Drusilla Mineghelli,2021-07-02,Drusilla Mineghelli
5602237564236981,Natalya Marchiso,2021-09-10,Natalya Marchiso
30161929125395,Herbert Gladdin,2022-04-14,Herbert Gladdin
493669063155452771,Ephrayim Flipsen,2021-07-20,Ephrayim Flipsen
3556190581066884,Lexine Malden,2021-11-21,Lexine Malden
3561820327838773,Maisie Lisett,2021-09-18,Maisie Lisett
5254965115346567,Pavel Glader,2022-01-28,Pavel Glader
3548836238618516,Sigfried Alphege,2022-04-11,Sigfried Alphege
5507588955139440,Baird Yorke,2021-08-24,Baird Yorke
4844215564776041,Adria Thursfield,2022-01-20,Adria Thursfield
5602230825242666,Madelle Ipgrave,2021-12-03,Madelle Ipgrave
3547470367649778,Rozalie Conachie,2022-01-04,Rozalie Conachie
6389615431684250,Karel Donnell,2022-04-14,Karel Donnell
6386391984335483,Katuscha Flancinbaum,2022-01-07,Katuscha Flancinbaum
3537978258622177,Lenee Marvell,2021-07-15,Lenee Marvell
3536317135508559,Winnah Ramplee,2022-02-25,Winnah Ramplee
06041073873949650,Cristin Millam,2022-02-24,Cristin Millam
30231396742095,Giselle Santorini,2021-11-20,Giselle Santorini
4017959965112,Shepperd Highway,2021-09-24,Shepperd Highway
3543423411931837,Johna Rivilis,2022-02-02,Johna Rivilis
3531163325998829,Pen Ireson,2022-04-18,Pen Ireson
30505459807865,Johnathon Mapes,2021-06-11,Johnathon Mapes
3573775019597291,Belvia D'Onisi,2021-12-10,Belvia D'Onisi
6771216263884807,Mikkel Payler,2021-11-12,Mikkel Payler
3564693968543383,Thain Burde,2021-08-17,Thain Burde
3544578838679738,Helga Kayser,2021-08-17,Helga Kayser
4508138110075642,Cob Pickthall,2022-02-14,Cob Pickthall
633378286449075669,Joey Climer,2021-06-06,Joey Climer
3588818213951709,Winn Rattenberie,2021-06-29,Winn Rattenberie
4911780349468915,Halli Trussman,2021-05-28,Halli Trussman
3572093371866051,Feodora Loyley,2021-07-25,Feodora Loyley
3581716275297713,Mischa Maylin,2022-04-14,Mischa Maylin
4026449611932584,Donavon Longhorn,2021-07-13,Donavon Longhorn
5048379046160520,Chase Wallwood,2022-02-23,Chase Wallwood
5010128342862691,Hermina Billes,2022-02-07,Hermina Billes
3572027337333749,Christoforo Purselow,2021-06-05,Christoforo Purselow
5602247227777289,Laughton Cherrington,2021-08-20,Laughton Cherrington
3550868000187409,Barty Merwood,2021-08-18,Barty Merwood
3533448385759841,Marcella Zisneros,2021-05-29,Marcella Zisneros
6375773604175782,Bradley Blease,2021-12-19,Bradley Blease
3551753536856009,Reynard Gounel,2021-10-14,Reynard Gounel
201712373009536,Dulcy Wyeth,2021-11-22,Dulcy Wyeth
5602245970714087,Mindy Dan,2021-10-11,Mindy Dan
372301975387301,Kerr Bradley,2021-10-09,Kerr Bradley
3589562428161758,Rab Dumper,2022-03-09,Rab Dumper
5476914448899969,Winifield Easterling,2021-09-22,Winifield Easterling
3584952091302828,Ilyse Chatt,2021-06-18,Ilyse Chatt
3552817137617356,Kassia Mattingson,2021-10-12,Kassia Mattingson
4026748034524658,Fabio Luckcock,2021-06-15,Fabio Luckcock
372301454899917,Allyson Arnall,2022-03-14,Allyson Arnall
6396305758232005,Katheryn Porrett,2022-03-16,Katheryn Porrett
4175005967482944,Teddy Roakes,2021-08-14,Teddy Roakes
5100143933537181,Benedict Blackey,2021-11-21,Benedict Blackey
3588223666809878,Clem Bolt,2022-01-02,Clem Bolt
4041372789842,Christophe Ambroix,2021-07-03,Christophe Ambroix
6761837257774397430,Cale Sisson,2021-05-19,Cale Sisson
3570883857658549,Fiorenze Kabos,2021-09-28,Fiorenze Kabos
3559232362072256,Jobina Jeffries,2021-06-30,Jobina Jeffries
56022554177324292,Astra Boij,2022-01-18,Astra Boij
4175007557008337,Ulysses Bircher,2022-01-14,Ulysses Bircher
5610122052155515,Mal Glide,2021-12-13,Mal Glide
3553507676532426,Beryl Derkes,2021-10-05,Beryl Derkes
3536451444044038,Aldwin Youd,2021-11-11,Aldwin Youd
50380178686021907,Irwin Ternott,2021-06-26,Irwin Ternott
3588560378015835,Sheri Matuszinski,2022-04-20,Sheri Matuszinski
3582607648812008,Valeda Addey,2022-02-09,Valeda Addey
30032275384557,Shem Skirven,2021-09-03,Shem Skirven
3584355958924413,Brnaba Hawkes,2022-03-29,Brnaba Hawkes
676184761125215832,Florentia Martill,2021-09-28,Florentia Martill
3532138253811375,Morry Huston,2021-11-10,Morry Huston
3583449741025876,Winifred Fridlington,2021-08-22,Winifred Fridlington
4913607874795396,Paulie Hefferan,2022-04-01,Paulie Hefferan
5421899093867450,Stormi Geillier,2021-12-16,Stormi Geillier
3550641942933978,Osmond Tesauro,2021-06-13,Osmond Tesauro
3587170744964491,Bren Managh,2021-07-23,Bren Managh
5010128301807216,Jerome Eyres,2021-08-05,Jerome Eyres
5100142559520075,Tabbie Rodd,2022-01-21,Tabbie Rodd
5610481838213901,Michaela Hemerijk,2022-03-25,Michaela Hemerijk
5185542366280474,Jard Pitrollo,2022-02-05,Jard Pitrollo
3563241375211367,Tana Dring,2021-10-25,Tana Dring
50180526872292967,Tani McMillan,2021-08-21,Tani McMillan
3539963895455767,Micheline Pheazey,2021-09-03,Micheline Pheazey
5602241817917546,Callida de Verson,2021-05-23,Callida de Verson
3543210160630136,Micheline Cure,2021-11-14,Micheline Cure
5100134364436993,Ignazio Enevold,2022-02-14,Ignazio Enevold
5010124921146523,Mitchell O' Hogan,2022-03-30,Mitchell O' Hogan
3573557543617856,Angel Gumb,2021-12-06,Angel Gumb
5020925213496968383,Tudor Ratnage,2021-09-15,Tudor Ratnage
3538909215385276,Berty Acton,2021-06-25,Berty Acton
3564055620722328,Stephanie Crim,2022-03-04,Stephanie Crim
675968158995916389,Harriette Brason,2021-05-22,Harriette Brason
201743575581261,Cheri Radbourne,2022-01-28,Cheri Radbourne
3569650725612781,Hiram Dumingos,2021-09-21,Hiram Dumingos
4911371761838726,Burtie Francklyn,2022-01-02,Burtie Francklyn
676708868364947376,Alfons Birkby,2021-07-30,Alfons Birkby
3530101745280007,Elaina Vondruska,2022-03-11,Elaina Vondruska
3539397713430688,Gan Hanniger,2021-09-09,Gan Hanniger
4175004670739567,Morten McGrory,2021-07-31,Morten McGrory
201568566382340,Stephen Jandl,2022-04-07,Stephen Jandl
374622146328777,Joyan Graith,2022-01-05,Joyan Graith
3586465167414102,Gwenny Ketteridge,2021-12-02,Gwenny Ketteridge
3570729358369369,Dosi Blodget,2021-11-11,Dosi Blodget
3555083052597688,Casie Kerrod,2021-10-18,Casie Kerrod
36824518279279,Worden Marguerite,2021-06-14,Worden Marguerite
5150293372729192,Maximilianus Philliphs,2022-01-18,Maximilianus Philliphs
201944754999718,Correy Asgodby,2021-06-25,Correy Asgodby
0604505912445535953,Braden Gruszka,2022-01-09,Braden Gruszka
30137739556524,Ethelred Bendley,2021-08-04,Ethelred Bendley
5602247555465890220,Miles Allwell,2021-10-10,Miles Allwell
3570928119682876,Reid Yashnov,2021-08-27,Reid Yashnov
560225083320110594,Andie Goodby,2022-02-07,Andie Goodby
4903247044311225744,Ogdan Bruniges,2021-09-25,Ogdan Bruniges
5164084217070320,Buddie Litchmore,2021-07-12,Buddie Litchmore
3552942065763418,Biddie Greensted,2021-09-27,Biddie Greensted
670941206754514623,Cam Titmuss,2021-07-01,Cam Titmuss
3586130003115772,Fan Dietzler,2021-11-10,Fan Dietzler
5610358639150328,Esra Doerffer,2021-07-31,Esra Doerffer
3573385428034322,Perceval Abramow,2022-01-09,Perceval Abramow
36494141029549,Rabbi Annis,2022-01-01,Rabbi Annis
3549270999440101,Grantley Tolan,2022-02-08,Grantley Tolan
5020157936185639,Peta Syred,2021-12-14,Peta Syred
5602256769981274,Lauraine Bettis,2021-08-24,Lauraine Bettis
3585040534135986,Monica Strainge,2022-01-04,Monica Strainge
3578299667090678,Hewet Schutte,2021-09-08,Hewet Schutte
3566741090752634,Cosetta Coneybeer,2021-08-15,Cosetta Coneybeer
3534423083718588,Genevra Gaish,2022-01-29,Genevra Gaish
633341439709569608,Christie Airlie,2021-12-19,Christie Airlie
3554958205795035,Jobi Asplen,2021-09-28,Jobi Asplen
5038139303212667,Maryanne Vickerman,2021-07-20,Maryanne Vickerman
5048371671504130,Guy Vogeller,2021-11-28,Guy Vogeller
5602232590499992,Pippy Wearing,2022-04-04,Pippy Wearing
3557449908537434,Randee Lofting,2021-09-14,Randee Lofting
6709101432583802,Lindsey Cunnell,2021-06-23,Lindsey Cunnell
5610182222972108,Kingston Carson,2022-03-28,Kingston Carson
3551995917303081,Guthry Casterou,2021-12-28,Guthry Casterou
4913723489493283,Bathsheba Housaman,2021-09-17,Bathsheba Housaman
5100176237557109,Perren Haborn,2021-09-14,Perren Haborn
3572507199256930,Sanson Whitlow,2022-04-07,Sanson Whitlow
5108752309016398,Cordi Hansill,2021-08-21,Cordi Hansill
6762711570882504534,Dominik McGrale,2021-12-17,Dominik McGrale
4017953435203,Josepha Atger,2022-02-17,Josepha Atger
3536827142392946,Erwin Lampett,2021-08-17,Erwin Lampett
0604494762862506661,Carol-jean Truse,2021-11-17,Carol-jean Truse
3540704257841476,Jemmy Ephgrave,2022-02-09,Jemmy Ephgrave
676702715560161938,Harald Kubanek,2021-08-24,Harald Kubanek
3543956554082082,Byron Gauden,2021-09-04,Byron Gauden
6388477768672908,Trenton Wallhead,2021-12-24,Trenton Wallhead
63047384281855339,Akim Nanetti,2022-01-29,Akim Nanetti
370944614717842,Margarita Hambling,2021-07-07,Margarita Hambling
5433554208052565,Myrvyn Foulger,2021-07-02,Myrvyn Foulger
3573825987434306,Marlena Memory,2021-09-22,Marlena Memory
3573090187632494,Jake McGeown,2021-08-11,Jake McGeown
3574390771956328,Staford Bradmore,2021-08-12,Staford Bradmore
3532155016106778,Eugenie Gillford,2022-01-10,Eugenie Gillford
5602247149962464,Torrey Spenceley,2021-11-11,Torrey Spenceley
3532525589448056,Mile Gipps,2021-05-20,Mile Gipps
5602223460236465,Gunther Benmore,2021-09-27,Gunther Benmore
30446635626830,Garrard Buckenhill,2021-07-10,Garrard Buckenhill
3578380203061876,Melania Mikalski,2021-09-24,Melania Mikalski
30371599252896,Anna-maria Cosyns,2022-01-03,Anna-maria Cosyns
5197566232916959,Kristal Elliff,2022-02-07,Kristal Elliff
4175006240636181,Justis Winear,2021-06-25,Justis Winear
5602233255543777,Lu Maior,2022-01-31,Lu Maior
3580817754115243,Helsa Leppington,2021-10-25,Helsa Leppington
5582968369581353,Ulrike Banisch,2021-06-14,Ulrike Banisch
3529151065146919,Kelvin Barnewille,2021-11-27,Kelvin Barnewille
3564319298577533,Joyan Scotchbrook,2021-10-29,Joyan Scotchbrook
4905546144490753913,Derry Simonetti,2021-06-11,Derry Simonetti
6333949934159240715,Carlene Bowshire,2021-06-13,Carlene Bowshire
3589288466527441,Rriocard Asher,2021-07-19,Rriocard Asher
3536054230054516,Nikolas Hutton,2021-06-06,Nikolas Hutton
36817910686323,Pavel Tessington,2021-07-04,Pavel Tessington
5048373447545462,Erny Curwen,2021-09-27,Erny Curwen
4905372646951765,Melisse Bradtke,2021-12-29,Melisse Bradtke
5602215933292000,Hillary Truett,2022-01-26,Hillary Truett
5602220717422705245,Ardelle Lipscomb,2021-09-17,Ardelle Lipscomb
4041595209875,Jillian Poat,2021-06-25,Jillian Poat
3551741072979301,Archibald MacCague,2021-08-12,Archibald MacCague
3560939162825363,Martha Kleinfeld,2022-02-17,Martha Kleinfeld
3561337291376664,Sigismundo Maine,2021-11-19,Sigismundo Maine
3576603205636755,Trix Ebbage,2021-09-03,Trix Ebbage
3548278572779259,Jeanette Issitt,2022-01-06,Jeanette Issitt
3577068260396928,Melisande De Bellis,2022-02-22,Melisande De Bellis
3566730660445836,Dorree Gowanson,2021-07-02,Dorree Gowanson
5038489260555461313,Marchelle Albrook,2021-06-22,Marchelle Albrook
3534605369461624,Fred Betty,2021-06-11,Fred Betty
3535233178607375,Gena Gherardi,2021-06-25,Gena Gherardi
3569586959642054,Vale Joliffe,2021-05-25,Vale Joliffe
5602253453843530,Rosana Filimore,2021-06-21,Rosana Filimore
5893676429510254,Nerita Grundon,2022-01-17,Nerita Grundon
5108108683868310,Fitzgerald Moncur,2021-09-15,Fitzgerald Moncur
201447439752031,Mikaela Redmond,2021-11-18,Mikaela Redmond
6771445640317617,Liane Fyldes,2022-01-17,Liane Fyldes
5641827728466509,Martynne Reekie,2022-03-26,Martynne Reekie
5602258500234021,Brena Label,2021-07-28,Brena Label
5610025840355323,Ilise Mixon,2021-07-16,Ilise Mixon
503813472690974275,Ari Bosma,2022-01-09,Ari Bosma
6759679304972110960,Katharine Randalston,2021-07-10,Katharine Randalston
201525199170583,Latia Fabler,2022-02-06,Latia Fabler
4863401368466510,Blithe Streatfield,2021-09-24,Blithe Streatfield
5513206414307878,Salomon Ladel,2021-11-26,Salomon Ladel
3553054414459497,Briney Shuttle,2021-11-15,Briney Shuttle
3565672162005786,Trefor Floodgate,2021-09-22,Trefor Floodgate
3541023215330517,Adelind Agius,2021-06-09,Adelind Agius
4936900107005829846,Robbin Surman,2022-03-21,Robbin Surman
5602255563340850368,Laurianne Dahle,2022-02-24,Laurianne Dahle
3572865063628638,Gaynor Behrendsen,2022-02-22,Gaynor Behrendsen
5602252301390207,Consuela Byer,2021-10-21,Consuela Byer
3571817526813050,Packston Mowbray,2021-09-27,Packston Mowbray
5048373008010351,Benny Domerque,2021-10-24,Benny Domerque
201618760042206,Shae Herrieven,2022-04-20,Shae Herrieven
3544576069559181,Uta Cossem,2021-09-16,Uta Cossem
3575138800039114,Leif Sebborn,2022-03-29,Leif Sebborn
372301508803964,Alfredo Giovanazzi,2021-11-30,Alfredo Giovanazzi
3553612053610975,Ebeneser Moir,2021-06-27,Ebeneser Moir
4508765006570649,Raphaela Rolfi,2021-12-15,Raphaela Rolfi
6761726472793948,Alyss Pidgin,2021-12-18,Alyss Pidgin
374622973075566,Elinore Axworthy,2021-06-30,Elinore Axworthy
372301749103620,Albertina Driscoll,2021-08-28,Albertina Driscoll
5602223541981768163,Karia Shooter,2021-06-18,Karia Shooter
6759064362588938649,Uriah Absolem,2021-09-08,Uriah Absolem
3529356196632832,Georgianne Meo,2021-08-22,Georgianne Meo
503889048331434363,Lorilee Eyres,2021-11-24,Lorilee Eyres
3587990821314132,Adair Plewright,2022-01-15,Adair Plewright
677124341992075659,Winna Smeuin,2021-07-08,Winna Smeuin
6762466306052248025,Veriee Malthus,2021-10-25,Veriee Malthus
4903527775154380,Joane Cheetam,2021-10-07,Joane Cheetam
3559890594697339,Ysabel Portchmouth,2021-06-09,Ysabel Portchmouth
3544883099489565,Corinna McGebenay,2021-10-10,Corinna McGebenay
6377071446472063,Shep Jude,2022-03-25,Shep Jude
3561055319193586,Valida Rudinger,2021-10-16,Valida Rudinger
3565447324752272,Levy Sharphurst,2021-12-29,Levy Sharphurst
3543220796780205,Sebastiano Crossingham,2021-05-23,Sebastiano Crossingham
5602225488910500,Alley Maynell,2021-07-07,Alley Maynell
0604013351639490,Natalya Norvell,2022-02-20,Natalya Norvell
30386862899876,Yvor De la Harpe,2022-04-07,Yvor De la Harpe
3582311511852841,Maribel Wise,2021-08-10,Maribel Wise
337941855562046,Woodrow Yakunchikov,2021-07-07,Woodrow Yakunchikov
5038939989605806640,Timothee Ciotto,2021-05-21,Timothee Ciotto
5602238960666953,Ashbey Caneo,2022-04-06,Ashbey Caneo
5602215655466383049,Sarajane Peedell,2021-07-08,Sarajane Peedell
3549059113992711,Darb Beddoe,2021-05-24,Darb Beddoe
3573894782891482,Angela Husband,2021-12-30,Angela Husband
4017957964767473,Alva Arnoll,2022-03-22,Alva Arnoll
5602233911630729,Ivonne Loukes,2021-09-27,Ivonne Loukes
5602243281490918605,Ginni Saveall,2021-06-12,Ginni Saveall
30089372007507,Edy Glidder,2021-12-27,Edy Glidder
677154095389728535,Ingaborg Tailour,2021-06-06,Ingaborg Tailour
5100140088684297,Maxie Madders,2021-06-29,Maxie Madders
4041379009552515,Meridith Sorsbie,2021-10-24,Meridith Sorsbie
3536896091962603,Arleta Spain,2022-02-17,Arleta Spain
5018317100785911,Arlena Beauvais,2021-09-14,Arlena Beauvais
3574215123441556,Eal Kuhne,2021-07-05,Eal Kuhne
5602257064754754,Josefina Rowles,2021-09-23,Josefina Rowles
372301793542996,Mildred Gosenell,2021-11-22,Mildred Gosenell
3575433464786815,Kristine Tinto,2022-02-12,Kristine Tinto
3585132263903526,Steve Tudhope,2021-05-24,Steve Tudhope
3562183098905860,Maynord Urwen,2021-08-25,Maynord Urwen
3580482460029574,Kikelia McQueen,2021-10-22,Kikelia McQueen
201506963225498,Porty Dombrell,2022-03-20,Porty Dombrell
36829237308952,Walsh Tidbold,2021-10-16,Walsh Tidbold
67711888866650721,Jacklin Ketch,2021-07-17,Jacklin Ketch
3552007397965469,Brewer Very,2021-11-22,Brewer Very
630487951494281074,Victoria Lefort,2021-07-26,Victoria Lefort
3576925674536046,Morlee Rosengarten,2022-03-29,Morlee Rosengarten
3560971289432476,Merell Ondrasek,2021-06-09,Merell Ondrasek
3560307129117417,Robinson Pucknell,2022-04-09,Robinson Pucknell
3564618990394802,Edlin Alfonsetti,2021-07-30,Edlin Alfonsetti
5201644050206961,Bibi Gellan,2021-09-21,Bibi Gellan
5002350103853426,Ermina Brooking,2022-03-25,Ermina Brooking
5002350221848480,Dennet Mammatt,2022-02-01,Dennet Mammatt
6304038990503955,Jessa Workes,2021-06-12,Jessa Workes
5010128951523543,Dyna Essery,2021-09-01,Dyna Essery
3582027865632049,Amelina Sanney,2022-03-06,Amelina Sanney
3582473793114751,Mandi Raspison,2021-11-06,Mandi Raspison
4852807132895821,Korie Wormstone,2021-08-22,Korie Wormstone
3558325979497287,Devon Foxton,2021-06-12,Devon Foxton
4917353191686929,Clair Struther,2021-06-04,Clair Struther
3537821216618590,Stearne Iacovuzzi,2021-05-23,Stearne Iacovuzzi
30045486373391,Anson Gailor,2022-01-20,Anson Gailor
3572376794342713,Lissie Ollerhad,2021-08-28,Lissie Ollerhad
3544875506120783,Deerdre Hillburn,2021-09-13,Deerdre Hillburn
3541779391240479,Quintana Toppas,2021-09-19,Quintana Toppas
63047851976033893,Bo Pero,2021-10-15,Bo Pero
3535767550202008,Penelopa Nangle,2021-09-20,Penelopa Nangle
3560150670158350,Elset Spinozzi,2021-06-02,Elset Spinozzi
4405282065188440,Jamey Rosenhaus,2021-10-23,Jamey Rosenhaus
30324236777718,Rhys Mabbott,2021-08-17,Rhys Mabbott
4405167112851845,Yolanthe Hamprecht,2021-06-26,Yolanthe Hamprecht
5108757421909149,Hazlett McEvay,2021-12-04,Hazlett McEvay
5581478438146791,Tyrus Stansell,2022-01-19,Tyrus Stansell
374288877708965,Adoree Favela,2021-06-12,Adoree Favela
5002354931382269,Cassandre Panter,2021-09-19,Cassandre Panter
5641825426534945866,Meredithe Furness,2021-11-26,Meredithe Furness
5100179872817515,Heather Logie,2021-09-29,Heather Logie
0604635213424247071,Augusta Swalowe,2021-10-25,Augusta Swalowe
3567884273725586,Deerdre Billingham,2021-08-31,Deerdre Billingham
30134061634946,Crystie Pllu,2022-04-05,Crystie Pllu
3588813065950479,Kenna Fredson,2021-09-04,Kenna Fredson
6383804251738778,Fawn Rayment,2022-04-20,Fawn Rayment
3573986036549849,Paolo Trodd,2022-01-10,Paolo Trodd
5007669449091440,Kermy Petrozzi,2022-02-27,Kermy Petrozzi
4913125157936983,Luce Allom,2022-01-29,Luce Allom
4175006597975737,Lyda Housego,2021-10-19,Lyda Housego
347637390100775,Gan Gammel,2022-03-20,Gan Gammel
3566660016138688,Peggy Pentelow,2021-05-22,Peggy Pentelow
6333755019156475606,Raine Abade,2022-01-27,Raine Abade
3555879452256779,Eustace Westcarr,2021-10-09,Eustace Westcarr
3540350269454351,Pascale Vallis,2022-01-22,Pascale Vallis
3545766378847406,Hillyer Whitten,2022-01-12,Hillyer Whitten
4405347383360623,Alyda Piel,2022-02-06,Alyda Piel
30199041118823,Aile Caddens,2021-12-08,Aile Caddens
3556633602615866,Joella Thieme,2021-08-26,Joella Thieme
3539104953876780,Rubin Mabey,2021-08-21,Rubin Mabey
201491214180778,Kalinda Stacey,2022-03-01,Kalinda Stacey
3574351971785594,Shanta Trevan,2022-01-15,Shanta Trevan
5602235011313171,Hanni Tower,2022-02-27,Hanni Tower
3560245830764475,Evy Westoff,2021-12-22,Evy Westoff
3533682392693631,Lorne Doggett,2021-09-28,Lorne Doggett
6762426119059196,Shermy Gillitt,2021-09-25,Shermy Gillitt
67616636963841784,Jessamine Meynell,2021-10-08,Jessamine Meynell
3535193591105029,Leigha Dowbiggin,2021-06-08,Leigha Dowbiggin
3543566713242228,Codi Alsopp,2021-05-24,Codi Alsopp
676756440439583478,Moises Dymott,2021-06-02,Moises Dymott
50188791181796858,Vivyan Teasell,2022-01-12,Vivyan Teasell
5602250731461619160,Thurstan Duddridge,2021-09-23,Thurstan Duddridge
6759090208427414474,Edi Naris,2021-06-25,Edi Naris
3589261762644905,Karalynn Jiggins,2022-04-19,Karalynn Jiggins
5610649963967760,Shermie Hartnell,2021-12-03,Shermie Hartnell
3537995327030539,Devland Fehner,2021-10-26,Devland Fehner
337941101260767,Stacey Loos,2022-03-12,Stacey Loos
5602224823928624,Clementia O'Kuddyhy,2022-01-23,Clementia O'Kuddyhy
201809574575388,Terrijo Bispo,2021-05-19,Terrijo Bispo
6384974475449855,Herminia MacKaig,2022-03-01,Herminia MacKaig
3543884092168850,Vernen Crosscombe,2021-10-05,Vernen Crosscombe
3550985521143727,Clementine Glason,2021-10-24,Clementine Glason
6389280221202035,Lesli Chartres,2021-07-30,Lesli Chartres
30072021279586,Yasmeen Keach,2021-11-15,Yasmeen Keach
67630622052253844,Jessika Boughen,2021-06-15,Jessika Boughen
3531169140720108,Antonina Jedrysik,2022-03-24,Antonina Jedrysik
3545437956034169,Davy Hutchence,2022-01-04,Davy Hutchence
677115692504543571,Nil Chessil,2021-07-27,Nil Chessil
3551975474504479,Hoyt Reedshaw,2022-01-22,Hoyt Reedshaw
3586838302605661,Rudiger Cardo,2021-12-01,Rudiger Cardo
6761493796817032,Stanislas Woodroof,2021-09-16,Stanislas Woodroof
3584580163975930,Candace Keeltagh,2022-03-16,Candace Keeltagh
30242753659277,Hardy Mc Comb,2021-07-21,Hardy Mc Comb
4017953889067107,Krishnah Sissel,2022-02-19,Krishnah Sissel
372301574606697,Gawen Gunnell,2021-11-01,Gawen Gunnell
4903602946342989743,Abbey Drinkhill,2022-04-11,Abbey Drinkhill
503839988204711226,Rhonda Berrie,2021-12-19,Rhonda Berrie
561012252396943015,Lynnet Kinnar,2021-09-16,Lynnet Kinnar
5641821587578197104,Morie Redfield,2021-08-19,Morie Redfield
5038310699360094261,Othilia Lowther,2022-02-26,Othilia Lowther
3571304039690630,Greg Mulmuray,2021-12-01,Greg Mulmuray
490342319009850714,Gustaf Streatley,2021-08-25,Gustaf Streatley
56022115666161049,Jeniece Cleugher,2021-05-31,Jeniece Cleugher
3582655929378108,Kiele Pottle,2021-10-15,Kiele Pottle
344947870141733,Ortensia Tritton,2021-06-06,Ortensia Tritton
3548348224341533,Koral Duetschens,2021-09-21,Koral Duetschens
374288228955968,Tildie Stare,2022-04-13,Tildie Stare
3584770267934749,Aleen Dorrian,2022-01-31,Aleen Dorrian
3535595963111080,Almira Rattenberie,2021-11-23,Almira Rattenberie
5610621943912042,Charmain Iacomelli,2021-06-16,Charmain Iacomelli
5893372084684051,Johna McInnes,2021-11-27,Johna McInnes
3543659532625101,Bryn Hewkin,2022-04-14,Bryn Hewkin
630402242304266725,Guntar Folder,2022-01-30,Guntar Folder
3546721790577361,Ethelda Stopford,2021-09-02,Ethelda Stopford
6771168993681841619,Jephthah Macari,2021-07-22,Jephthah Macari
30466711486545,Dulsea MacCostigan,2021-09-12,Dulsea MacCostigan
6374266816870192,Avrit Kunzelmann,2021-08-26,Avrit Kunzelmann
3571865656262804,Derby Rowden,2021-09-03,Derby Rowden
060463511953159258,Tabby McIlrath,2021-06-26,Tabby McIlrath
4911050902764243010,Venita O'Devey,2021-06-29,Venita O'Devey
675947964094334325,Lavinie Greenig,2021-11-15,Lavinie Greenig
372301692123757,Jeremias Matous,2021-12-21,Jeremias Matous
6378377984532294,Maurise Ixer,2021-10-14,Maurise Ixer
5478833992254223,Wood Oliveira,2022-01-19,Wood Oliveira
67627787030550051,Renell Connow,2022-04-19,Renell Connow
5149466277944488,Fan Aluard,2021-12-25,Fan Aluard
3547731260865559,Padgett Gibbe,2021-11-01,Padgett Gibbe
5313312550804413,Sayers Campaigne,2022-04-18,Sayers Campaigne
5010122195146476,Florence Sumers,2021-12-05,Florence Sumers
4175001817176927,Joellen Skaife,2022-03-20,Joellen Skaife
3565335199962557,Ruthy Alexander,2022-01-02,Ruthy Alexander
6763085337980486204,Vita Metherell,2021-10-05,Vita Metherell
5610971461045384948,Bria Salling,2022-01-23,Bria Salling
5566662882954342,Joshia Surmeir,2022-03-25,Joshia Surmeir
3565740783126008,Astrid Gettins,2022-02-06,Astrid Gettins
4600658434346046,Harmonia Piegrome,2022-01-30,Harmonia Piegrome
3564836551301335,Larissa Bronot,2021-12-11,Larissa Bronot
3541700039735738,Alla Yakunchikov,2022-01-28,Alla Yakunchikov
3575641107306755,Cort Cutajar,2021-07-05,Cort Cutajar
3557594107569249,Franky Spradbrow,2022-01-22,Franky Spradbrow
3585700693928386,Matt Coppock.,2021-12-19,Matt Coppock.
56022444642602672,Jocelin Haggar,2021-09-30,Jocelin Haggar
3574596778809696,Bastian Westmacott,2022-02-06,Bastian Westmacott
6759982605704990285,Gallard Hinze,2021-06-21,Gallard Hinze
374622325952124,Christoper Ruprich,2021-09-19,Christoper Ruprich
493668033221232755,Edwin Margerrison,2022-04-05,Edwin Margerrison
3586349599476626,Cyrille Whight,2021-08-31,Cyrille Whight
3585297128088845,Dionisio Stares,2021-10-10,Dionisio Stares
3567402600074717,Joshuah Narramor,2022-01-27,Joshuah Narramor
374622658251151,Keir Littrell,2022-02-12,Keir Littrell
375072959195534,Leena Westcott,2021-12-31,Leena Westcott
5602226131037394,Carley Portress,2021-07-01,Carley Portress
201627530646543,Nicolina Slack,2021-07-18,Nicolina Slack
50207770419561174,Maurita Massei,2021-07-08,Maurita Massei
5010126256273137,Debra MacIlory,2022-02-21,Debra MacIlory
3554489928743649,Sile Battson,2021-11-06,Sile Battson
6759131595318573017,Bryna Mathieu,2021-10-09,Bryna Mathieu
4936533191603237078,Dorri Shutte,2021-08-01,Dorri Shutte
3585774470480929,Aguistin Collum,2022-02-19,Aguistin Collum
3549908309577357,Humbert Jerrim,2021-08-23,Humbert Jerrim
4405980035559273,Peria Keenor,2021-12-17,Peria Keenor
3539067665561463,Emalee Wisedale,2021-08-30,Emalee Wisedale
5602234042522926,Lola Zanioletti,2021-05-27,Lola Zanioletti
30024041621081,Nathanael Drought,2022-02-01,Nathanael Drought
30140350735088,Stacy Danbye,2021-07-27,Stacy Danbye
3555759515200693,Morgana Bentson,2021-07-27,Morgana Bentson
3570614065668990,Arden Bavester,2022-03-10,Arden Bavester
3575194094363934,Jarrod St. Pierre,2022-01-12,Jarrod St. Pierre
3532007755000037,Waldon Andryushin,2021-12-05,Waldon Andryushin
3572440720867829,Harmon Guiot,2021-10-10,Harmon Guiot
3569088949758207,Jojo Zaple,2022-01-01,Jojo Zaple
6767127776506543181,Chandal MacKomb,2021-10-09,Chandal MacKomb
3588458482091000,Winifield Keniwell,2021-08-31,Winifield Keniwell
67616687145055199,Angela Edinborough,2021-11-24,Angela Edinborough
3537102110177938,Harri Potteridge,2021-07-22,Harri Potteridge
633468849762067810,Missie Prichard,2021-08-28,Missie Prichard
5602230997989557,Abram Galbraeth,2021-10-02,Abram Galbraeth
4026691658199045,Prisca Velti,2021-07-23,Prisca Velti
3578610340952110,Chloe Grisdale,2021-11-29,Chloe Grisdale
3538313230724108,Dan Chedgey,2021-06-05,Dan Chedgey
4175003460747715,Rosette Litster,2021-07-12,Rosette Litster
5215042111224368,Junette Moss,2021-12-16,Junette Moss
5018756918607553,Darla Wilce,2021-08-13,Darla Wilce
3549430302742284,Jacobo Oby,2021-12-26,Jacobo Oby
5100147170942129,Korie Bernardos,2021-12-08,Korie Bernardos
3532919974079404,Evangeline Becket,2022-02-26,Evangeline Becket
3542884416891881,Kizzie Hiddy,2022-01-28,Kizzie Hiddy
4844712188131264,Cinderella Impson,2022-02-17,Cinderella Impson
6333534068089005,Fanni Aleksich,2022-03-27,Fanni Aleksich
376883989539015,Fairfax Darragh,2022-01-28,Fairfax Darragh
3557533404550957,Celle Winnister,2021-11-21,Celle Winnister
30235544264977,Kaia Poat,2021-08-23,Kaia Poat
3583144212850502,Randie Carolan,2022-02-25,Randie Carolan
676214462563484030,Doro Nunn,2021-06-16,Doro Nunn
3556586039584818,Willow Walkling,2022-02-02,Willow Walkling
3547803108865529,Riannon Chittenden,2021-06-06,Riannon Chittenden
30263979139340,Teri Llewellyn,2021-09-30,Teri Llewellyn
3552701146858914,Justina Whitton,2021-11-18,Justina Whitton
6759059413286899018,Jade Gawthrope,2021-09-21,Jade Gawthrope
30117504716438,Theresita Manske,2021-12-06,Theresita Manske
5602217912669075,Kean Tart,2021-10-15,Kean Tart
3542676454023884,Fidel Kitney,2021-12-08,Fidel Kitney
3534386174537730,Stephan Gisborne,2021-06-09,Stephan Gisborne
30113817720522,Heindrick Giacopetti,2022-02-11,Heindrick Giacopetti
0604929687623252807,Lisha Duggan,2022-03-30,Lisha Duggan
4405158539994516,Obie Allenby,2021-07-14,Obie Allenby
3576947111301198,Haskel Dye,2021-09-17,Haskel Dye
4405498092643930,Vanda De Morena,2021-12-29,Vanda De Morena
201480532067288,Maurene Grist,2022-01-19,Maurene Grist
560224594861746068,Karlan Cheston,2022-03-23,Karlan Cheston
30058549491563,Ruthann Hakking,2022-03-04,Ruthann Hakking
3583078585567774,Edsel Burdin,2022-02-06,Edsel Burdin
56022579735991183,Joyous Yandle,2021-08-16,Joyous Yandle
633457846609837507,Aridatha End,2021-10-13,Aridatha End
3550007555967127,Roselin Martindale,2021-06-09,Roselin Martindale
3554400228979783,Robyn Still,2021-07-27,Robyn Still
3564979753261442,Dame Dubock,2021-06-03,Dame Dubock
5100172438831393,Vinny Kohneke,2021-12-22,Vinny Kohneke
30564691204001,Tim Hull,2021-11-23,Tim Hull
3563162728707838,Lonee Brounsell,2022-03-18,Lonee Brounsell
3542293423104199,Pauletta Moffet,2022-03-25,Pauletta Moffet
3533809071310860,Haywood Lammerich,2022-02-22,Haywood Lammerich
3535915410933227,Annadiana Winyard,2021-11-11,Annadiana Winyard
3558795417954059,Ebenezer Dryden,2022-01-19,Ebenezer Dryden
5294103779491238,Curran Haythornthwaite,2021-08-26,Curran Haythornthwaite
3568582382626039,Amandy Tunaclift,2021-10-28,Amandy Tunaclift
4017955748200092,Garrick Pegram,2022-04-17,Garrick Pegram
3550889995822503,Ronni Scola,2022-01-06,Ronni Scola
4508016744247870,Phillida Shemmin,2021-09-17,Phillida Shemmin
5641827652676636,Carolin Bentke,2022-04-14,Carolin Bentke
3572290676598187,Emera Standring,2021-09-09,Emera Standring
348919216081945,Corinne Wellbelove,2022-01-31,Corinne Wellbelove
3583522073181200,Gwennie Coppin,2021-07-16,Gwennie Coppin
5602240040483797,Jemmy Stocken,2022-01-13,Jemmy Stocken
50384490061168062,Lyon Bladder,2021-05-29,Lyon Bladder
374622762057049,Lory Elegood,2021-07-23,Lory Elegood
3562501801711400,Janel Bolle,2021-08-11,Janel Bolle
4936892585385813953,Jada Van Eeden,2022-02-16,Jada Van Eeden
3531446650513135,Jeremy Yuryshev,2021-09-21,Jeremy Yuryshev
3529987457680670,Ryan Headley,2021-07-31,Ryan Headley
6761319592073159199,Edmund Cahan,2022-04-16,Edmund Cahan
4405012140240589,Dorian Franz,2021-10-18,Dorian Franz
4041373291822,Lianna Blose,2022-02-23,Lianna Blose
3553933072514752,Vere Gravett,2021-05-23,Vere Gravett
30576164419635,Javier Milbank,2021-06-09,Javier Milbank
3549360347231623,Lil Masse,2021-12-28,Lil Masse
3567204284727903,Aldridge Anniwell,2021-12-27,Aldridge Anniwell
5100142254453820,Merry Abba,2022-02-07,Merry Abba
5602227464616713,Kass Lockwood,2021-12-06,Kass Lockwood
3567913967728133,Emile Tather,2021-12-23,Emile Tather
5048375608307483,Hobart Krauss,2022-02-06,Hobart Krauss
3541046522601957,Mella Sedgefield,2021-09-15,Mella Sedgefield
201696727517288,Ross Crickett,2022-01-07,Ross Crickett
6762485493844182907,Eden Maslin,2021-10-11,Eden Maslin
201535599421411,Shepard Glusby,2021-09-10,Shepard Glusby
201876614715613,Manon Bellefonte,2021-10-22,Manon Bellefonte
3581120493610064,Vail Sowden,2021-12-05,Vail Sowden
6759841091292786,Huberto Blannin,2021-11-22,Huberto Blannin
3578515630109844,Lester Steedman,2021-09-12,Lester Steedman
5108753177758574,Waly Insko,2021-07-18,Waly Insko
3584975044410562,Chick Crosier,2021-06-01,Chick Crosier
67710134770612718,Eolande Brendeke,2022-02-21,Eolande Brendeke
3554701126008538,Liane Goacher,2022-04-18,Liane Goacher
3534452176068304,Twila Millott,2021-06-29,Twila Millott
374622198000894,Travers Blayd,2022-01-25,Travers Blayd
560222479805615698,La verne Rallings,2021-12-12,La verne Rallings
50204319839045948,Etheline Postan,2021-11-14,Etheline Postan
4913562943177185,Winn Esler,2021-07-27,Winn Esler
6333563854463540375,Robbyn Phillcox,2021-09-20,Robbyn Phillcox
3532482778641309,Sky Hartas,2021-08-21,Sky Hartas
3588236094320763,Faber Slowly,2021-06-06,Faber Slowly
3560722050744080,Marve Lannin,2021-09-19,Marve Lannin
564182896113724195,Beatrice Sirkett,2022-04-04,Beatrice Sirkett
5602230015997025869,Bink Morales,2021-08-03,Bink Morales
3546413308551738,Earl Gayton,2022-04-20,Earl Gayton
3537259585585308,Gilly Breckenridge,2022-02-14,Gilly Breckenridge
3565216321781141,Erhard Vasic,2021-08-11,Erhard Vasic
676189458414887547,Bernelle Moyer,2022-02-18,Bernelle Moyer
060427517463987968,August Monget,2021-09-21,August Monget
676705087971936754,Knox Poletto,2021-08-09,Knox Poletto
5007662963919864,Rubin Nehl,2022-02-02,Rubin Nehl
3536791405081630,Basilius Sangster,2021-07-05,Basilius Sangster
5610529077568607,Ferd Olczyk,2021-11-03,Ferd Olczyk
3570547130118924,Edd Stidworthy,2022-02-02,Edd Stidworthy
3543935316893325,Hobey Ziehm,2021-06-18,Hobey Ziehm
3576249188384524,Melonie Shimony,2021-05-25,Melonie Shimony
5100176139280040,Janette Kimble,2021-07-05,Janette Kimble
374622831417042,Ofella Leahy,2022-02-05,Ofella Leahy
30250152236027,Onida Greatrex,2021-09-19,Onida Greatrex
490343611531279464,Juan Cheves,2021-06-15,Juan Cheves
6379851580918213,Keslie Fanthome,2021-07-02,Keslie Fanthome
374622815583272,Weston Gartell,2022-01-07,Weston Gartell
3540909100862146,Gustave Masse,2021-11-23,Gustave Masse
50181534008761003,Berny Bunney,2021-06-29,Berny Bunney
6388916630676522,Arleta Wilkie,2021-09-18,Arleta Wilkie
3530786790967787,Vincent Oughton,2022-01-24,Vincent Oughton
58938160892299063,Agnella Schuler,2021-12-05,Agnella Schuler
374288585810764,Tiler McGrowther,2021-07-26,Tiler McGrowther
5602254848173419,Kristoforo Denisard,2021-09-20,Kristoforo Denisard
4041375129676648,Ronda Murphy,2021-06-22,Ronda Murphy
3558192677823069,Concettina Weitzel,2021-12-12,Concettina Weitzel
3567575394102149,Lem Brazier,2021-09-17,Lem Brazier
3528152848904088,Margarethe Wakeman,2022-02-01,Margarethe Wakeman
3585929835799344,Alix Fawlo,2021-11-09,Alix Fawlo
3555179789754061,Candie Pechell,2021-07-26,Candie Pechell
5473363345820939,Edithe Paxman,2022-03-24,Edithe Paxman
5007666927030080,Godfry Tilio,2021-06-09,Godfry Tilio
5382438763571261,Maybelle Drewell,2021-11-30,Maybelle Drewell
3586236940420512,Theressa Arro,2021-06-13,Theressa Arro
6706466631814420,Turner Chitter,2021-12-21,Turner Chitter
3544240503063983,Roda McKew,2021-11-03,Roda McKew
3571506958517244,Laureen Peaden,2021-09-25,Laureen Peaden
