caretaker,start_date,end_date
awhorall1t@pen.io,2020-08-15,2019-12-23
mmaylincx@telegraph.co.uk,2020-05-14,2020-02-13
tgrelkabn@who.int,2019-12-25,2019-11-04
jwolton2x@amazonaws.com,2020-09-24,2019-11-17
agethyn1h@phpbb.com,2020-08-18,2020-09-18
acrick8s@hud.gov,2020-03-04,2019-11-10
fauchterlony2v@behance.net,2019-11-28,2019-11-15
asherwell7q@economist.com,2020-09-01,2020-03-06
ftuddall9z@jigsy.com,2020-06-06,2020-03-22
asighart6y@studiopress.com,2020-07-25,2020-02-15
wagronski4e@parallels.com,2020-10-04,2020-05-23
lscotchmuru@tuttocitta.it,2020-10-11,2020-05-06
ichattdc@merriam-webster.com,2020-10-03,2019-12-14
piresoncm@g.co,2020-02-17,2020-09-01
bharsnipea8@cbslocal.com,2019-12-31,2020-10-01
ggreenoughd@free.fr,2020-03-17,2020-01-02
cboltdj@biblegateway.com,2020-05-02,2020-05-21
fduchaml@globo.com,2020-07-24,2020-10-01
umaiden4h@lycos.com,2019-12-22,2020-05-12
kbradleyd9@army.mil,2020-09-24,2020-10-18
dbruin8x@bloglovin.com,2020-08-21,2020-03-01
dcuel9w@google.ru,2020-06-19,2020-04-08
sshambrooke4s@businesswire.com,2019-12-28,2019-12-20
bspeers43@rediff.com,2019-12-13,2020-02-06
bdjurisicb7@technorati.com,2020-06-11,2020-06-14
ggreenoughd@free.fr,2020-06-12,2020-01-25
dlonghorncy@aboutads.info,2020-04-03,2020-09-15
pgoracci90@harvard.edu,2020-02-20,2020-07-05
cclunan1c@hibu.com,2020-03-12,2020-08-12
sjermyy@nba.com,2020-04-13,2020-01-20
vscotts2d@sourceforge.net,2020-04-08,2020-08-04
cmoreman6r@infoseek.co.jp,2020-10-10,2020-09-29
brivlin7y@360.cn,2019-12-19,2020-02-12
fcollifordad@java.com,2020-07-01,2020-07-03
asherwell7q@economist.com,2020-04-05,2019-11-02
floyleycw@senate.gov,2020-06-20,2020-06-07
goutibridge1i@stumbleupon.com,2020-04-28,2020-02-19
grosiello3u@stumbleupon.com,2019-12-09,2019-11-09
jbiggerstaff2b@mit.edu,2020-04-12,2020-10-18
mjillings2r@geocities.com,2019-10-29,2020-10-04
wrattenberiecu@loc.gov,2020-01-16,2020-09-18
nde4y@vkontakte.ru,2020-02-12,2019-12-09
lkrysztowczykbu@smugmug.com,2020-01-14,2019-12-28
tsinnatt72@ucoz.ru,2020-05-21,2020-07-20
eflipsenc5@squarespace.com,2020-03-14,2020-04-03
wrattenberiecu@loc.gov,2019-11-13,2019-12-19
tsinnatt72@ucoz.ru,2020-03-21,2020-04-11
wtrehearne93@google.fr,2020-10-26,2020-01-26
egorges3d@europa.eu,2020-02-07,2020-06-21
asibary64@nature.com,2020-06-17,2020-07-15
cbrangan5a@cbslocal.com,2020-10-07,2020-06-08
lvlasenko5s@patch.com,2020-09-14,2020-04-18
ojinkinsbw@apache.org,2020-03-05,2019-11-15
achallener3g@about.me,2020-02-10,2020-08-09
lautin8c@china.com.cn,2020-08-28,2020-09-25
salphegec9@sourceforge.net,2020-07-24,2020-05-17
cluigibb@bbc.co.uk,2020-01-29,2020-04-03
rgouneld6@cam.ac.uk,2020-03-20,2020-08-10
ddee4m@harvard.edu,2019-12-03,2020-09-19
nmarchisoc3@japanpost.jp,2020-07-09,2020-07-28
pvanbf@ihg.com,2020-09-10,2019-12-13
rjeger3a@tamu.edu,2020-04-16,2019-12-15
ayoudds@bloomberg.com,2020-01-16,2020-01-06
wbrusin2s@cdc.gov,2020-05-31,2020-07-05
bcaldes5w@sakura.ne.jp,2020-01-16,2019-11-05
lbilham4@mozilla.com,2020-07-10,2020-05-16
bbleased5@nature.com,2020-01-09,2020-08-20
echamberlayneb8@go.com,2020-04-05,2020-09-27
aseakings6q@biglobe.ne.jp,2020-06-28,2019-12-31
ftuddall9z@jigsy.com,2020-06-15,2019-12-29
ecrowest8v@so-net.ne.jp,2020-03-23,2020-10-15
dbazely8k@about.com,2020-01-25,2020-10-03
gmacvicar1r@senate.gov,2020-01-06,2020-02-09
ekalinsky19@typepad.com,2020-03-19,2020-06-15
oeccleshallap@woothemes.com,2019-12-17,2020-05-08
kyegorov44@desdev.cn,2020-02-07,2020-07-17
cmillamci@sbwire.com,2020-01-14,2020-09-28
mnulty56@google.cn,2020-08-08,2020-04-14
rcrosier4b@utexas.edu,2020-01-12,2020-08-16
cluigibb@bbc.co.uk,2020-04-16,2020-09-29
goutibridge1i@stumbleupon.com,2020-10-04,2020-08-11
yquiggau@ifeng.com,2020-01-13,2019-11-28
vstruan27@economist.com,2020-08-03,2019-12-19
veye3w@bing.com,2019-11-03,2019-12-12
aainslie85@webeden.co.uk,2020-06-10,2019-11-18
ede7b@arizona.edu,2020-02-03,2020-01-19
cfaulkener99@goodreads.com,2020-06-09,2020-07-10
tadriaan6u@pbs.org,2020-08-11,2020-10-22
cmcsperrin4j@springer.com,2019-11-27,2020-01-11
vaddeydv@wikispaces.com,2019-12-10,2020-02-11
cmaddicks71@webmd.com,2019-12-13,2020-03-02
kmattingsondd@nyu.edu,2020-09-03,2020-06-21
gcheese9t@patch.com,2019-11-19,2020-06-04
ehurchbk@webnode.com,2020-07-07,2020-01-06
iwalles87@toplist.cz,2020-05-05,2019-12-05
jklimaa9@amazon.de,2020-10-15,2020-03-18
gdudden38@webmd.com,2019-12-15,2019-12-18
mipgravecc@blog.com,2020-07-12,2020-01-24
rbenns5u@alibaba.com,2020-07-17,2020-03-02
kgorsse6h@census.gov,2019-12-21,2020-04-13
ckerfordbj@liveinternet.ru,2020-05-21,2020-02-08
jnary55@nbcnews.com,2020-01-16,2020-03-07
wtreagust5e@ocn.ne.jp,2019-10-30,2020-01-04
cmcsperrin4j@springer.com,2020-08-17,2020-09-27
ekuhne3v@admin.ch,2020-02-22,2019-12-25
bmccrowah@altervista.org,2019-12-31,2019-11-19
wgraffin9k@indiegogo.com,2020-03-08,2020-03-09
ahoppner8y@wunderground.com,2020-09-22,2020-07-14
lautin8c@china.com.cn,2020-02-24,2020-01-09
rdumperda@statcounter.com,2020-06-06,2019-11-27
vbeech8@addthis.com,2020-03-15,2020-09-30
myakubovics68@artisteer.com,2020-06-18,2019-12-12
etrolleyal@un.org,2020-07-12,2020-10-14
dconstable5c@moonfruit.com,2020-09-22,2020-08-19
csambrook46@bravesites.com,2019-12-02,2020-03-29
ejanuszkiewicz4r@prlog.org,2019-12-04,2020-04-09
rgregoracibl@chicagotribune.com,2019-10-30,2020-06-12
sstyle63@yahoo.co.jp,2020-06-08,2019-12-13
egorges3d@europa.eu,2020-01-05,2020-07-29
omenlow4k@vinaora.com,2020-01-15,2020-09-16
hcullinana6@addthis.com,2020-08-20,2020-02-06
rchesonai@jalbum.net,2020-01-19,2020-06-14
dtabbernor1@weebly.com,2020-03-13,2020-07-27
bcaldes5w@sakura.ne.jp,2020-07-16,2020-08-03
aebanks66@adobe.com,2020-09-30,2020-05-31
hblasoni3n@phpbb.com,2020-10-24,2019-12-18
egorges3d@europa.eu,2020-03-20,2020-05-19
rgrishaev7f@vimeo.com,2020-05-31,2020-08-29
wchattaway31@ezinearticles.com,2020-02-17,2020-01-17
nde4y@vkontakte.ru,2020-06-29,2020-03-09
dizachik6m@dmoz.org,2020-06-16,2020-01-30
tromerilr@cbslocal.com,2020-08-27,2020-02-05
rbruinemann9u@pbs.org,2020-05-13,2020-05-20
ezannetti9@webs.com,2020-06-16,2020-06-07
sshambrooke4s@businesswire.com,2020-03-06,2020-07-25
achallener3g@about.me,2020-04-14,2020-09-10
bdjurisicb7@technorati.com,2020-04-14,2020-01-01
asherwell7q@economist.com,2020-06-18,2020-08-21
jkeasleya2@1und1.de,2020-08-20,2020-10-02
lcrambab@topsy.com,2020-10-17,2019-12-09
wchattaway31@ezinearticles.com,2020-07-02,2020-10-13
mprene3t@guardian.co.uk,2019-12-03,2020-08-14
palbertson47@npr.org,2019-12-31,2020-03-22
cwicken2t@usnews.com,2020-06-26,2020-05-21
bchesson9r@icio.us,2019-12-09,2020-10-03
emcgivenf@bloglovin.com,2020-06-20,2020-03-22
bkybbye9e@seesaa.net,2020-04-04,2020-04-12
lfawdry6d@columbia.edu,2020-09-14,2020-05-24
cblacksell8a@jugem.jp,2020-02-14,2020-05-02
aconkay6s@nyu.edu,2020-10-22,2020-05-30
tgreatorexbt@house.gov,2020-09-22,2020-09-28
bdjurisicb7@technorati.com,2020-09-15,2020-03-26
pgarnsworth9x@constantcontact.com,2020-01-28,2020-07-17
hwelfairc1@globo.com,2020-04-08,2020-03-26
bjellico6i@bravesites.com,2020-08-02,2019-11-24
cfaulkener99@goodreads.com,2020-01-11,2020-07-14
jkernock4n@reuters.com,2019-11-16,2020-01-01
vburgott32@dedecms.com,2020-02-14,2020-06-12
bdjurisicb7@technorati.com,2020-10-02,2020-07-17
piresoncm@g.co,2019-12-05,2020-02-13
hhawksworth70@posterous.com,2020-04-07,2020-09-20
lkrysztowczykbu@smugmug.com,2020-10-02,2020-01-28
lwadforth7g@istockphoto.com,2020-08-07,2020-07-23
acrick8s@hud.gov,2020-07-03,2020-05-02
llowing1m@washington.edu,2020-08-20,2020-09-15
fdacres5k@businesswire.com,2020-10-20,2020-10-01
bcaldes5w@sakura.ne.jp,2020-01-19,2019-11-24
mprene3t@guardian.co.uk,2020-08-13,2020-04-18
dbagotq@1688.com,2020-07-19,2020-09-01
cwestwood5@hc360.com,2020-01-27,2019-11-02
abalassa7@thetimes.co.uk,2020-01-17,2020-09-18
ftrainoraa@businessinsider.com,2020-06-20,2020-10-14
cpickthallcs@multiply.com,2020-07-28,2020-04-12
asibary64@nature.com,2020-08-20,2020-05-09
gdudden38@webmd.com,2020-04-22,2020-10-25
aseeks2p@yale.edu,2020-06-27,2020-03-14
rcurds76@marriott.com,2020-05-12,2019-12-01
jsimonetti7z@foxnews.com,2020-01-23,2020-04-27
fcomelini1j@sfgate.com,2020-07-28,2020-02-24
lstormsx@ebay.co.uk,2020-03-22,2020-07-12
tmundle4c@barnesandnoble.com,2020-02-16,2020-01-15
fgreedierbz@walmart.com,2020-04-30,2020-03-15
cingleton4z@altervista.org,2020-01-11,2020-08-22
gdudden38@webmd.com,2019-12-05,2019-11-10
rgrishaev7f@vimeo.com,2020-06-15,2020-01-16
charriot88@domainmarket.com,2020-03-25,2020-04-02
fbedome34@theglobeandmail.com,2020-02-22,2020-08-17
fmaudett22@moonfruit.com,2019-11-10,2020-06-30
dwalickibe@senate.gov,2020-05-05,2020-03-15
adumbeltonae@4shared.com,2020-08-16,2020-03-31
ichattdc@merriam-webster.com,2020-07-11,2020-07-17
kspong6g@whitehouse.gov,2020-04-11,2020-09-10
pvandrill4l@columbia.edu,2019-12-02,2020-04-29
hbillesd0@taobao.com,2020-09-06,2019-11-19
mlodeke80@wunderground.com,2020-01-31,2020-10-26
rwillimottao@sitemeter.com,2019-11-19,2020-03-16
alytton5o@cpanel.net,2020-03-06,2020-02-29
fmcmarquis53@fema.gov,2020-10-22,2020-08-02
mrosgen1b@gizmodo.com,2020-04-12,2020-03-20
ojinkinsbw@apache.org,2020-07-19,2020-02-24
brivlin7y@360.cn,2020-05-30,2019-12-30
gofallone21@typepad.com,2020-09-19,2020-07-14
shighwayck@wsj.com,2020-08-11,2020-08-26
fbaggaley13@ed.gov,2019-11-23,2020-09-12
iwalles87@toplist.cz,2020-01-06,2020-05-19
agundry5d@eepurl.com,2020-06-03,2020-04-08
ezannetti9@webs.com,2020-03-04,2020-03-01
cocallaghan0@linkedin.com,2020-03-16,2020-02-21
escaice4g@cisco.com,2020-08-29,2019-11-15
clarking77@craigslist.org,2020-08-07,2020-06-26
lmaldenc6@pinterest.com,2020-07-07,2020-06-23
cwestwood5@hc360.com,2020-02-16,2020-08-13
aschleicher94@cafepress.com,2019-12-27,2019-12-03
kbradleyd9@army.mil,2020-06-21,2020-09-08
pgarnsworth9x@constantcontact.com,2020-05-09,2020-02-11
fthor75@goo.gl,2020-02-26,2019-12-10
aedlestone62@bluehost.com,2020-04-28,2020-08-07
wgraffin9k@indiegogo.com,2020-07-06,2019-12-02
rconachiecd@huffingtonpost.com,2020-06-29,2020-02-27
mrosettiniam@webs.com,2020-09-12,2020-04-29
plandells8u@theglobeandmail.com,2020-10-04,2020-01-28
plannen1x@mediafire.com,2020-07-30,2019-12-10
jwolters28@over-blog.com,2020-10-08,2020-09-04
lfawdry6d@columbia.edu,2020-01-26,2020-02-19
gmcmahonc@usnews.com,2020-04-11,2020-09-23
egorges3d@europa.eu,2020-10-07,2019-11-03
gsantorinicj@bravesites.com,2020-08-10,2020-06-03
fkabosdm@bloglovin.com,2020-07-05,2019-12-23
mdand8@over-blog.com,2020-01-01,2019-12-30
umaiden4h@lycos.com,2020-06-22,2020-05-20
aseakings6q@biglobe.ne.jp,2020-07-18,2020-08-14
fduchaml@globo.com,2020-01-13,2020-07-09
hgladdinc4@google.pl,2020-07-07,2019-12-22
sgayton37@shutterfly.com,2020-03-30,2020-01-12
sbendikbx@unesco.org,2020-10-25,2020-03-21
jrugge9o@bloglines.com,2020-02-25,2020-04-08
fluckcockde@unc.edu,2020-01-06,2020-09-23
eluparti7j@oracle.com,2020-04-10,2020-03-01
gfantinib0@bing.com,2020-02-25,2020-05-22
asighart6y@studiopress.com,2020-07-22,2020-09-14
ejanuszkiewicz4r@prlog.org,2020-08-17,2020-09-24
amewburn11@infoseek.co.jp,2020-01-21,2020-02-06
mslaterbi@ustream.tv,2020-03-28,2020-08-27
chirsthousebq@reuters.com,2020-03-26,2020-06-04
bveitcht@smh.com.au,2020-03-23,2020-04-30
ebeehoa@msn.com,2020-08-17,2020-02-18
mipgravecc@blog.com,2020-02-13,2020-09-03
rmate3j@wp.com,2020-08-14,2019-11-28
crodge5y@scientificamerican.com,2020-03-12,2020-07-29
mglidedq@histats.com,2020-04-15,2020-02-08
rgregoracibl@chicagotribune.com,2020-07-29,2020-07-17
ncarenb@prnewswire.com,2020-06-25,2020-09-11
jkernock4n@reuters.com,2020-09-22,2020-06-01
jsimmoniteb9@scientificamerican.com,2020-09-25,2019-12-08
dpratty8t@amazon.de,2020-03-24,2020-05-13
jpowner97@scribd.com,2020-10-11,2020-07-29
ckeig6p@ycombinator.com,2020-01-28,2020-02-26
aurienc0@opensource.org,2019-11-21,2019-11-24
cpurselowd1@tamu.edu,2019-12-22,2020-09-25
rdawtrey7m@alexa.com,2020-01-09,2020-07-16
ubircherdp@artisteer.com,2020-01-27,2020-04-14
veye3w@bing.com,2020-09-11,2020-10-22
vwillshee65@hp.com,2020-08-11,2020-07-02
wscrane3m@java.com,2019-12-23,2019-12-05
gsugar2n@skyrock.com,2019-11-17,2019-12-24
iwinsley7s@scientificamerican.com,2020-10-01,2020-10-02
gmacvicar1r@senate.gov,2020-04-18,2020-02-24
lleak5b@gnu.org,2020-01-07,2020-02-02
sbendikbx@unesco.org,2020-06-15,2020-01-18
ksidle9c@github.com,2020-02-26,2020-08-31
avala5z@istockphoto.com,2020-03-20,2020-06-07
mdand8@over-blog.com,2020-02-23,2020-08-02
aseeks2p@yale.edu,2020-06-29,2020-08-23
mglidedq@histats.com,2020-05-03,2020-03-17
azoellnerbc@shutterfly.com,2020-09-19,2020-03-22
jkernock4n@reuters.com,2020-02-15,2020-08-28
cmcsperrin4j@springer.com,2020-07-28,2020-04-08
hseniour2e@skype.com,2020-06-24,2020-09-20
dmineghellic2@pcworld.com,2020-05-27,2020-04-09
dconstable5c@moonfruit.com,2019-12-29,2020-04-09
aleonardi96@purevolume.com,2020-05-01,2020-01-27
slaurand3c@alexa.com,2020-02-19,2020-08-03
mglidedq@histats.com,2020-08-06,2019-11-01
aurienc0@opensource.org,2020-06-29,2020-08-31
tlabes3x@businessinsider.com,2020-03-30,2019-12-25
gmacvicar1r@senate.gov,2020-06-27,2020-07-18
mcucuzza59@google.ru,2019-11-25,2020-04-26
bcolliard95@gizmodo.com,2020-08-12,2019-11-13
mlongoaw@comcast.net,2019-11-25,2020-06-28
sbenoist74@ameblo.jp,2020-09-23,2020-01-27
aurienc0@opensource.org,2020-06-22,2020-06-08
cbrangan5a@cbslocal.com,2020-02-05,2020-07-10
vwillshee65@hp.com,2020-01-10,2020-06-01
vsteer50@weebly.com,2020-10-25,2020-09-11
npiser4d@ox.ac.uk,2020-06-17,2019-12-13
mrosettiniam@webs.com,2019-11-09,2019-12-15
scasperri1k@msn.com,2020-03-27,2020-09-27
deastup1s@nymag.com,2020-10-15,2020-06-16
tyuranovev2y@sciencedirect.com,2020-01-15,2019-12-14
vwillshee65@hp.com,2020-01-17,2020-01-01
mzisnerosd4@twitter.com,2020-01-12,2020-06-12
rhauch92@tamu.edu,2020-06-04,2020-05-13
adumbeltonae@4shared.com,2020-01-13,2019-11-15
myakubovics68@artisteer.com,2020-07-29,2020-02-22
mleving3z@github.io,2020-06-02,2020-02-01
eraycroft1w@sitemeter.com,2020-10-14,2020-04-22
cmoreman6r@infoseek.co.jp,2020-04-01,2019-11-03
rstrotone2z@vk.com,2020-03-29,2019-12-21
avala5z@istockphoto.com,2020-02-08,2020-03-08
eeaglestone6a@ovh.net,2020-05-18,2020-10-13
awhorall1t@pen.io,2020-03-02,2020-04-13
grattry3b@symantec.com,2020-06-06,2019-12-06
ecrowest8v@so-net.ne.jp,2020-10-16,2019-11-22
rredd61@addtoany.com,2020-02-06,2020-07-09
cpickthallcs@multiply.com,2020-06-13,2020-07-16
wcarlsen54@sina.com.cn,2020-09-25,2020-02-05
gmacvicar1r@senate.gov,2020-03-09,2020-10-07
mrosettiniam@webs.com,2020-10-04,2020-04-11
mhousecroft39@nature.com,2020-04-08,2019-11-12
rgouneld6@cam.ac.uk,2020-05-05,2019-10-28
gofallone21@typepad.com,2019-12-27,2020-01-12
bkinnin1u@dion.ne.jp,2020-02-15,2020-05-19
kporrettdg@prweb.com,2020-09-29,2020-07-21
jklimaa9@amazon.de,2020-09-02,2020-01-29
hwelfairc1@globo.com,2020-07-19,2020-02-28
hpetyakov2u@google.co.jp,2020-01-12,2020-01-26
emcgivenf@bloglovin.com,2020-06-08,2020-03-21
fmelarkeyn@amazonaws.com,2020-01-21,2020-04-28
mcucuzza59@google.ru,2020-08-28,2020-08-08
mmaylincx@telegraph.co.uk,2020-05-12,2020-09-11
baronso@cbc.ca,2020-01-28,2020-07-21
weasterlingdb@storify.com,2020-02-12,2020-03-28
rbirmingham4w@blinklist.com,2019-12-24,2019-12-10
silymanovar@google.cn,2020-10-10,2020-06-02
wgraffin9k@indiegogo.com,2020-05-30,2020-06-15
rbirmingham4w@blinklist.com,2019-11-06,2020-10-10
cingleton4z@altervista.org,2019-12-18,2020-05-11
brivlin7y@360.cn,2020-08-17,2020-05-15
pmacneilage9d@digg.com,2020-02-06,2020-09-17
jsimonetti7z@foxnews.com,2020-09-27,2019-11-08
pdown82@hao123.com,2020-10-11,2020-01-10
mhousecroft39@nature.com,2020-05-14,2020-07-29
mlodeke80@wunderground.com,2019-11-18,2020-08-29
cbradd9l@merriam-webster.com,2019-11-01,2019-12-06
bblenkinb4@nbcnews.com,2019-12-23,2020-07-22
livankin2@google.cn,2019-11-09,2020-05-20
bniesegenb2@4shared.com,2019-10-29,2020-01-08
cbly3i@wix.com,2019-11-30,2020-09-29
cdenerley7e@cdc.gov,2020-02-27,2020-05-22
slaurand3c@alexa.com,2019-12-09,2020-08-28
ezannetti9@webs.com,2020-08-17,2020-02-04
rblonfielda0@whitehouse.gov,2019-11-23,2019-11-19
goutibridge1i@stumbleupon.com,2020-05-07,2020-03-18
dbruin8x@bloglovin.com,2020-08-06,2020-04-27
fdobrowlski8q@usatoday.com,2020-04-25,2020-04-19
fdacres5k@businesswire.com,2020-05-29,2020-04-26
tmoremanas@huffingtonpost.com,2020-10-01,2020-07-26
slaurand3c@alexa.com,2020-06-15,2020-09-08
cmoreman6r@infoseek.co.jp,2019-12-05,2019-11-07
scasperri1k@msn.com,2020-07-23,2020-05-11
vsteer50@weebly.com,2020-01-19,2020-02-11
rwillimottao@sitemeter.com,2019-11-11,2020-03-15
sbendikbx@unesco.org,2020-08-10,2020-03-04
lverne2a@vimeo.com,2020-10-06,2020-05-01
bchesson9r@icio.us,2020-07-01,2020-03-23
jlockitt1z@java.com,2020-05-03,2020-05-07
kgorsse6h@census.gov,2020-06-18,2019-10-30
ashakeshaft6t@google.de,2020-07-30,2020-08-02
jbrauninger4o@woothemes.com,2019-11-26,2020-09-09
pcosgrave1g@desdev.cn,2020-06-28,2020-06-08
tkhosab5@cnn.com,2020-07-19,2020-04-25
kformanp@cam.ac.uk,2019-11-06,2020-05-07
cgrevel9g@squidoo.com,2020-04-26,2019-11-05
hseniour2e@skype.com,2020-03-14,2020-09-28
jlockitt1z@java.com,2019-12-12,2020-10-12
vstruan27@economist.com,2020-07-31,2019-11-27
tadriaan6u@pbs.org,2020-06-13,2019-12-06
sklug79@blogs.com,2020-09-16,2020-05-03
lweetch4u@domainmarket.com,2020-01-25,2020-06-24
arobensaj@1688.com,2020-07-16,2020-10-05
rkillshaw8h@ycombinator.com,2020-06-11,2020-02-06
mrosettiniam@webs.com,2020-02-12,2019-12-17
livankin2@google.cn,2020-08-21,2020-05-17
fmelarkeyn@amazonaws.com,2020-02-27,2020-03-13
dmabbott6f@dmoz.org,2020-10-06,2020-09-14
evannozziia1@stanford.edu,2019-11-17,2020-02-22
aconkay6s@nyu.edu,2020-05-06,2020-08-22
ejanota7n@time.com,2020-02-25,2020-08-14
dbruin8x@bloglovin.com,2020-08-22,2020-01-19
lfawdry6d@columbia.edu,2020-04-04,2020-05-25
fcomelini1j@sfgate.com,2020-09-18,2020-07-01
hledford8r@friendfeed.com,2020-02-24,2020-04-12
rbenns5u@alibaba.com,2020-02-16,2019-12-03
akemetby@hhs.gov,2020-03-27,2020-09-07
hcullinana6@addthis.com,2020-02-01,2020-06-12
aseeks2p@yale.edu,2020-01-02,2019-12-08
gdudden38@webmd.com,2020-09-20,2019-11-18
nmulles17@blinklist.com,2019-11-03,2020-06-16
bniesegenb2@4shared.com,2019-11-09,2020-05-27
bwakemanbr@phpbb.com,2019-11-30,2020-05-17
cbradd9l@merriam-webster.com,2020-05-15,2020-04-27
tmundle4c@barnesandnoble.com,2020-01-09,2020-10-26
mleving3z@github.io,2019-11-21,2020-03-10
rhauch92@tamu.edu,2020-02-01,2020-07-14
vscotts2d@sourceforge.net,2019-12-20,2020-01-19
cbenley4f@sun.com,2020-10-02,2020-03-16
rchesonai@jalbum.net,2020-05-19,2020-02-02
jwolters28@over-blog.com,2020-04-29,2020-06-21
jerwin6n@unicef.org,2019-11-24,2020-05-12
tdales89@dropbox.com,2020-06-10,2020-09-10
gdudden38@webmd.com,2020-08-13,2020-08-05
cbrangan5a@cbslocal.com,2020-06-15,2020-01-12
slaurand3c@alexa.com,2020-08-07,2020-05-23
lbilham4@mozilla.com,2020-04-01,2020-02-28
lleak5b@gnu.org,2019-12-14,2019-12-17
hpetyakov2u@google.co.jp,2020-01-16,2020-02-01
asibary64@nature.com,2020-02-24,2020-03-20
geden2h@webs.com,2020-07-08,2020-10-25
mrosettiniam@webs.com,2020-08-27,2020-08-29
myakubovics68@artisteer.com,2019-12-18,2020-01-10
kgorsse6h@census.gov,2020-01-20,2020-10-26
sbenoist74@ameblo.jp,2020-06-07,2020-08-18
mbrace16@amazon.de,2020-03-16,2020-01-30
cocallaghan0@linkedin.com,2020-02-08,2020-06-08
nmarchisoc3@japanpost.jp,2020-02-08,2019-12-02
gmangamg@wisc.edu,2020-01-05,2019-12-13
rjeger3a@tamu.edu,2019-12-11,2020-02-13
asimonin4q@uiuc.edu,2019-11-30,2020-04-11
cbenley4f@sun.com,2019-12-23,2020-05-12
deeftingbo@newsvine.com,2020-05-27,2020-01-16
rmcillrick5g@wunderground.com,2019-11-18,2020-03-29
mlisettc7@github.io,2020-07-20,2019-11-05
wgardner8w@tumblr.com,2020-10-23,2019-12-11
grattry3b@symantec.com,2020-09-11,2020-08-15
dbruin8x@bloglovin.com,2020-01-13,2019-12-06
rcrosier4b@utexas.edu,2020-09-06,2020-01-05
smatuszinskidu@mozilla.org,2020-04-23,2020-03-05
gpalfreyman25@fema.gov,2020-07-16,2020-10-18
yquiggau@ifeng.com,2019-12-30,2020-05-07
aseakings6q@biglobe.ne.jp,2020-01-06,2019-12-10
dwyethd7@blinklist.com,2020-07-23,2020-02-01
dwalickibe@senate.gov,2020-03-29,2019-12-07
jcurds4i@sitemeter.com,2020-08-29,2020-02-14
vscotts2d@sourceforge.net,2020-07-15,2019-11-06
kdonnellce@nyu.edu,2020-07-07,2020-03-13
nfarlham7o@unesco.org,2020-10-10,2020-04-11
kcheco6l@army.mil,2020-09-25,2020-05-25
wbeeby10@mlb.com,2020-07-24,2020-05-30
gcheese9t@patch.com,2020-03-12,2020-10-12
lwadforth7g@istockphoto.com,2020-05-05,2020-05-10
cwestwood5@hc360.com,2020-04-30,2020-03-30
grattry3b@symantec.com,2020-09-01,2020-06-21
rattiwill8o@bbc.co.uk,2020-04-24,2020-07-21
aerrey14@yellowpages.com,2020-06-01,2020-01-16
nmulles17@blinklist.com,2020-10-24,2020-04-13
cwicken2t@usnews.com,2020-08-19,2019-12-01
dcuel9w@google.ru,2020-02-17,2020-07-13
mbestwall91@youtube.com,2020-04-10,2020-06-06
aboijdo@mashable.com,2020-04-28,2019-12-03
iternottdt@dot.gov,2019-12-08,2019-12-04
mbrace16@amazon.de,2020-09-02,2020-07-26
cambroixdk@ezinearticles.com,2020-03-08,2020-02-09
mrosgen1b@gizmodo.com,2020-07-23,2020-05-10
lcherringtond2@dailymotion.com,2020-02-21,2019-11-22
mhenrychax@twitter.com,2019-11-26,2019-12-21
csambrook46@bravesites.com,2020-05-19,2019-11-08
tadriaan6u@pbs.org,2020-10-16,2020-04-26
dbalch58@boston.com,2020-08-01,2019-11-19
mfrantsevaf@purevolume.com,2020-06-14,2020-02-11
dbalch58@boston.com,2020-09-16,2019-12-19
jbaldree36@mashable.com,2020-10-21,2020-08-29
kyegorov44@desdev.cn,2019-12-13,2020-05-19
hmohammed9n@ameblo.jp,2020-03-25,2019-12-04
lbilham4@mozilla.com,2019-12-10,2020-09-08
adumbeltonae@4shared.com,2019-12-21,2020-10-03
fduchaml@globo.com,2020-05-06,2020-01-26
kgorsse6h@census.gov,2020-05-18,2019-12-23
mfrantsevaf@purevolume.com,2020-06-04,2020-07-31
jrugge9o@bloglines.com,2020-01-04,2020-01-21
ckeig6p@ycombinator.com,2020-07-14,2020-01-22
kformanp@cam.ac.uk,2020-04-21,2020-08-24
rbirmingham4w@blinklist.com,2020-10-11,2020-07-16
arobensaj@1688.com,2020-09-12,2020-10-06
ekelbie30@tumblr.com,2020-04-15,2020-04-08
ffrantzenay@uiuc.edu,2020-04-06,2020-05-19
agethyn1h@phpbb.com,2020-09-29,2020-03-17
ddawberw@vimeo.com,2020-02-28,2020-04-23
sdarnell3l@multiply.com,2020-01-24,2020-08-26
jocheltree4v@admin.ch,2020-07-18,2020-08-06
eraycroft1w@sitemeter.com,2020-09-28,2020-09-11
bhaylett57@usatoday.com,2020-06-21,2020-05-04
lbatten69@shop-pro.jp,2020-04-11,2020-05-10
jlockitt1z@java.com,2020-03-01,2020-10-18
aedlestone62@bluehost.com,2020-01-29,2019-12-16
athursfieldcb@surveymonkey.com,2020-05-15,2020-06-16
jbissill5r@slideshare.net,2020-03-17,2019-11-17
lgreenhouse2k@technorati.com,2020-06-12,2020-09-14
hpetyakov2u@google.co.jp,2020-03-17,2020-02-01
smatuszinskidu@mozilla.org,2020-09-14,2020-04-04
jklimaa9@amazon.de,2019-12-12,2020-07-25
fbaggaley13@ed.gov,2020-09-26,2020-02-10
cocallaghan0@linkedin.com,2020-10-15,2020-05-26
dconstable5c@moonfruit.com,2020-01-13,2020-06-12
tlabes3x@businessinsider.com,2020-02-21,2020-04-25
cwallwoodcz@yellowbook.com,2020-03-01,2019-10-30
rdumperda@statcounter.com,2020-04-16,2020-04-13
scasperri1k@msn.com,2020-06-21,2020-04-03
ekelbie30@tumblr.com,2020-03-06,2020-06-21
rstrotone2z@vk.com,2020-10-23,2020-05-29
ftuddall9z@jigsy.com,2020-03-08,2020-08-01
wbrusin2s@cdc.gov,2020-07-02,2020-02-04
jbaldree36@mashable.com,2020-07-07,2020-04-26
msheircliffe5f@noaa.gov,2020-08-27,2020-04-13
jpowner97@scribd.com,2020-05-20,2020-03-04
piresoncm@g.co,2020-01-13,2020-09-03
ksidle9c@github.com,2020-03-14,2020-02-27
ebrunelli5m@domainmarket.com,2020-08-28,2020-01-27
mcucuzza59@google.ru,2020-05-18,2020-08-08
msteffens23@paypal.com,2019-12-12,2020-03-07
slaurand3c@alexa.com,2020-08-12,2020-02-21
rcurds76@marriott.com,2020-09-12,2020-04-07
lroubay84@usda.gov,2020-02-12,2020-03-18
crudinger18@microsoft.com,2020-07-01,2019-11-02
plannen1x@mediafire.com,2020-03-05,2020-07-25
rcrosier4b@utexas.edu,2019-12-14,2020-01-08
palbertson47@npr.org,2020-04-19,2019-11-26
asighart6y@studiopress.com,2020-04-02,2020-04-01
sbendikbx@unesco.org,2020-02-03,2020-03-17
iwinsley7s@scientificamerican.com,2020-01-02,2020-05-19
dconstable5c@moonfruit.com,2020-07-20,2020-04-25
rredd61@addtoany.com,2020-08-03,2020-04-08
vwillshee65@hp.com,2020-06-30,2019-11-10
ebeehoa@msn.com,2020-02-11,2020-02-13
mcucuzza59@google.ru,2019-12-25,2020-07-09
ebeehoa@msn.com,2020-08-04,2020-09-12
troakesdh@bloglovin.com,2019-12-31,2020-01-20
bcowins1e@slate.com,2020-03-08,2020-07-12
ekelbie30@tumblr.com,2019-11-17,2020-02-06
lscotchmuru@tuttocitta.it,2019-11-17,2020-06-21
fdobrowlski8q@usatoday.com,2020-01-09,2020-01-20
gcheese9t@patch.com,2019-11-01,2020-10-13
vaddeydv@wikispaces.com,2020-01-01,2020-04-13
abalassa7@thetimes.co.uk,2020-10-22,2020-01-14
ayoudds@bloomberg.com,2020-05-30,2020-04-18
rwillimottao@sitemeter.com,2020-04-26,2020-02-16
jjeffriesdn@odnoklassniki.ru,2020-04-16,2020-05-16
aglanz9v@disqus.com,2020-05-18,2019-12-16
cboltdj@biblegateway.com,2020-10-22,2020-02-27
gwanellaq@paypal.com,2020-02-15,2020-03-28
hbillesd0@taobao.com,2020-05-04,2020-06-05
hkeldb1@opera.com,2020-02-14,2020-08-28
iwinsley7s@scientificamerican.com,2020-04-01,2020-09-27
gmangamg@wisc.edu,2020-03-28,2020-01-13
abalassa7@thetimes.co.uk,2020-03-20,2020-01-18
nstannett5q@storify.com,2020-06-09,2020-09-23
ebrunelli5m@domainmarket.com,2020-05-10,2019-12-30
dbazely8k@about.com,2019-11-06,2019-11-21
lroubay84@usda.gov,2020-08-11,2020-10-04
cdenerley7e@cdc.gov,2020-02-21,2020-04-30
mcoupman9b@indiatimes.com,2020-04-03,2020-08-28
ddeamer3p@nifty.com,2019-12-13,2020-09-11
jclimerct@so-net.ne.jp,2020-10-12,2020-02-11
avala5z@istockphoto.com,2020-09-08,2020-06-08
wtrehearne93@google.fr,2020-07-01,2020-01-10
eboothroyd6c@smugmug.com,2020-01-27,2020-04-25
eflipsenc5@squarespace.com,2019-11-18,2020-04-03
piresoncm@g.co,2020-03-10,2020-09-04
clarking77@craigslist.org,2020-05-14,2020-03-29
bkybbye9e@seesaa.net,2020-04-28,2020-03-01
sklug79@blogs.com,2020-10-13,2020-10-10
tgrelkabn@who.int,2019-12-06,2020-04-02
hbillesd0@taobao.com,2020-01-26,2020-01-28
evannozziia1@stanford.edu,2020-04-21,2020-07-11
cfifoot1v@europa.eu,2020-09-12,2020-07-03
dcuel9w@google.ru,2020-10-01,2019-12-27
kspong6g@whitehouse.gov,2020-05-10,2020-07-09
wcamidgez@51.la,2020-02-20,2020-04-18
gtwell6z@sphinn.com,2019-10-29,2020-03-10
iternottdt@dot.gov,2020-02-04,2020-06-09
livankin2@google.cn,2020-10-09,2019-11-05
llowing1m@washington.edu,2020-10-12,2020-08-25
jrugge9o@bloglines.com,2020-09-08,2019-12-23
mslaterbi@ustream.tv,2020-03-15,2020-02-17
mdand8@over-blog.com,2020-08-16,2020-05-05
ejanota7n@time.com,2020-04-09,2019-12-11
crudinger18@microsoft.com,2019-12-01,2020-02-14
lroubay84@usda.gov,2019-12-12,2020-01-24
ggrigoriev7k@google.com.au,2020-09-09,2020-01-25
silymanovar@google.cn,2020-03-11,2020-10-15
tsootbv@posterous.com,2020-10-14,2020-04-11
rconachiecd@huffingtonpost.com,2019-12-11,2020-10-17
floyleycw@senate.gov,2020-01-16,2020-08-16
ehurchbk@webnode.com,2020-01-29,2020-01-28
ekelbie30@tumblr.com,2019-12-26,2020-10-15
cwestwood5@hc360.com,2020-06-07,2020-09-24
acyphusbd@discovery.com,2020-09-16,2020-04-06
lkrysztowczykbu@smugmug.com,2020-02-19,2020-05-04
lmaldenc6@pinterest.com,2020-10-10,2020-03-10
wbrusin2s@cdc.gov,2020-04-27,2020-06-05
bkinnin1u@dion.ne.jp,2020-03-24,2020-02-02
lhedylstone29@nhs.uk,2020-05-06,2020-08-29
wscrane3m@java.com,2020-02-04,2020-09-11
cblacksell8a@jugem.jp,2020-02-09,2019-11-24
lweetch4u@domainmarket.com,2019-10-29,2020-08-07
lohenecana3@mapquest.com,2020-05-01,2020-03-17
obartkiewicz73@xing.com,2020-04-27,2020-07-19
lbartol1a@pcworld.com,2020-06-13,2019-11-08
hennsac@fotki.com,2020-01-31,2019-11-02
mrosettiniam@webs.com,2020-01-24,2020-08-31
tgreatorexbt@house.gov,2020-04-24,2019-11-09
vredihough9f@cnbc.com,2020-06-18,2020-03-31
eeaglestone6a@ovh.net,2020-03-04,2020-07-25
amewburn11@infoseek.co.jp,2020-06-18,2020-06-28
jbiggerstaff2b@mit.edu,2020-09-06,2020-01-16
clindell1f@pcworld.com,2020-04-11,2020-03-05
alytton5o@cpanel.net,2020-05-12,2020-07-08
deastup1s@nymag.com,2019-12-07,2020-06-26
dlonghorncy@aboutads.info,2020-06-09,2020-06-20
jklimaa9@amazon.de,2020-04-26,2020-03-19
ashakeshaft6t@google.de,2020-08-18,2019-11-26
vredihough9f@cnbc.com,2020-05-07,2020-07-05
fhindes7w@telegraph.co.uk,2020-08-11,2020-09-07
mlongoaw@comcast.net,2020-03-18,2020-01-13
wrattenberiecu@loc.gov,2020-08-11,2019-12-03
ktrainor7x@msu.edu,2020-04-12,2020-08-31
kyegorov44@desdev.cn,2020-07-24,2019-12-17
moverthrowb6@macromedia.com,2020-05-17,2020-03-17
kflancinbaumcf@smugmug.com,2020-08-29,2019-12-10
ranani@nifty.com,2020-08-30,2020-04-13
awhorall1t@pen.io,2020-06-11,2020-01-26
fthor75@goo.gl,2020-08-25,2020-06-05
tromerilr@cbslocal.com,2019-10-28,2020-04-24
cmaddicks71@webmd.com,2020-09-21,2019-11-05
ftrainoraa@businessinsider.com,2020-05-24,2020-06-29
mbogeys6b@miibeian.gov.cn,2019-12-03,2020-05-28
kdonnellce@nyu.edu,2020-09-09,2020-09-24
jgloucesterbm@nba.com,2020-08-24,2020-05-23
palbertson47@npr.org,2020-04-07,2020-01-09
eoldfield6@telegraph.co.uk,2019-12-24,2019-12-22
cocallaghan0@linkedin.com,2020-04-14,2019-12-23
bniesegenb2@4shared.com,2019-12-19,2019-12-18
fluckcockde@unc.edu,2020-10-02,2020-10-07
rbalfb3@yahoo.co.jp,2020-10-23,2020-08-27
gpalfreyman25@fema.gov,2019-12-09,2020-01-17
emcgivenf@bloglovin.com,2020-10-16,2020-10-23
smatuszinskidu@mozilla.org,2020-08-28,2020-09-16
lbartol1a@pcworld.com,2020-04-10,2020-05-10
mkinder4p@ft.com,2020-06-25,2020-06-16
bbleased5@nature.com,2020-03-04,2020-03-13
nscheffel2f@e-recht24.de,2019-12-03,2020-07-29
silymanovar@google.cn,2020-10-03,2020-07-21
iternottdt@dot.gov,2020-06-10,2020-09-10
dbalch58@boston.com,2019-11-14,2020-09-13
bdjurisicb7@technorati.com,2019-12-31,2020-04-12
ede8n@indiatimes.com,2020-05-19,2020-03-09
jjeffriesdn@odnoklassniki.ru,2020-08-15,2020-02-12
dbagotq@1688.com,2020-09-01,2020-01-28
mfairholme8z@nationalgeographic.com,2020-09-20,2020-07-19
mzisnerosd4@twitter.com,2020-10-20,2020-04-26
nlearman3s@gnu.org,2020-05-09,2020-09-11
hmohammed9n@ameblo.jp,2020-06-13,2020-08-05
wbrusin2s@cdc.gov,2020-05-23,2019-11-21
wrampleech@nsw.gov.au,2020-05-19,2019-11-03
mbrace16@amazon.de,2020-05-21,2020-08-22
dwollard5t@netvibes.com,2020-09-25,2020-02-17
csambrook46@bravesites.com,2020-09-08,2020-08-11
twolffers9j@dmoz.org,2020-10-11,2020-07-08
aarnalldf@narod.ru,2019-12-14,2020-01-07
creichertbp@biglobe.ne.jp,2020-05-28,2020-04-10
livankin2@google.cn,2020-03-06,2020-07-27
fluckcockde@unc.edu,2020-02-12,2020-06-03
weasterlingdb@storify.com,2020-02-29,2020-05-20
ekalinsky19@typepad.com,2020-06-13,2020-06-28
mnulty56@google.cn,2020-06-30,2020-06-06
lbartol1a@pcworld.com,2020-05-30,2020-05-03
wtreagust5e@ocn.ne.jp,2020-03-09,2019-12-29
iwarlock2j@github.io,2019-12-24,2020-09-30
moverthrowb6@macromedia.com,2020-07-06,2020-08-12
iternottdt@dot.gov,2020-05-09,2019-10-29
cocallaghan0@linkedin.com,2020-04-10,2020-06-26
lscully7h@slideshare.net,2020-09-04,2020-02-11
nfarlham7o@unesco.org,2020-10-25,2020-04-06
ezannetti9@webs.com,2020-06-26,2020-06-23
sraine7a@nifty.com,2020-04-17,2020-10-19
gfantinib0@bing.com,2019-11-16,2020-09-24
agundry5d@eepurl.com,2020-02-23,2020-05-14
rblonfielda0@whitehouse.gov,2020-10-16,2020-03-16
wsaenz15@themeforest.net,2019-12-09,2020-08-11
tburdecq@webnode.com,2020-06-27,2020-03-12
mjillings2r@geocities.com,2020-06-06,2020-06-29
tromerilr@cbslocal.com,2020-10-24,2020-01-17
jwolton2x@amazonaws.com,2020-02-06,2020-07-18
dstuttard1q@creativecommons.org,2020-08-26,2020-06-18
eluparti7j@oracle.com,2020-09-30,2020-02-07
lleak5b@gnu.org,2020-05-28,2020-10-20
rgrishaev7f@vimeo.com,2020-09-11,2020-07-22
tgreatorexbt@house.gov,2020-07-30,2020-06-06
ekalinsky19@typepad.com,2020-01-19,2020-09-28
arowatt8b@tripadvisor.com,2020-04-07,2020-02-17
ktwohigat@4shared.com,2020-03-15,2020-09-11
tlabes3x@businessinsider.com,2020-08-10,2019-12-25
jbrauninger4o@woothemes.com,2020-05-21,2020-04-12
bcaldes5w@sakura.ne.jp,2020-05-07,2019-11-13
sraine7a@nifty.com,2020-03-19,2020-06-01
agouthm@so-net.ne.jp,2019-12-21,2020-03-09
dheld2l@blogtalkradio.com,2020-05-11,2020-05-29
gsantorinicj@bravesites.com,2020-06-01,2020-08-08
wtrehearne93@google.fr,2020-01-26,2020-02-22
tromerilr@cbslocal.com,2020-01-30,2020-02-09
ftrainoraa@businessinsider.com,2020-10-18,2020-09-28
crodge5y@scientificamerican.com,2020-07-15,2020-02-17
fduchaml@globo.com,2020-04-21,2020-08-11
tsootbv@posterous.com,2020-04-07,2020-09-28
kflancinbaumcf@smugmug.com,2019-11-30,2019-12-25
cphilipp12@bbb.org,2020-01-11,2020-04-30
gofallone21@typepad.com,2020-05-31,2020-10-09
wscrane3m@java.com,2020-02-27,2020-04-17
weasterlingdb@storify.com,2020-03-08,2019-11-05
ddawberw@vimeo.com,2020-09-09,2020-10-09
iwalles87@toplist.cz,2020-02-26,2020-06-05
ggrigoriev7k@google.com.au,2020-10-17,2019-10-31
palbertson47@npr.org,2020-09-22,2020-05-15
palbertson47@npr.org,2020-08-09,2020-01-12
nmackelworth98@wufoo.com,2019-12-17,2020-10-17
fjenkison3f@csmonitor.com,2020-02-14,2020-02-28
hroiz9a@cyberchimps.com,2020-04-21,2020-04-10
gfantinib0@bing.com,2020-08-03,2020-06-07
cbruinemann5j@hibu.com,2020-03-06,2020-09-03
cingleton4z@altervista.org,2020-06-06,2020-06-17
bmerwoodd3@uol.com.br,2019-12-24,2020-06-26
jpowner97@scribd.com,2020-01-02,2020-07-29
veye3w@bing.com,2020-08-27,2020-03-04
lwadforth7g@istockphoto.com,2020-01-27,2020-04-06
imacellarj@wix.com,2020-03-23,2020-04-24
bnoye3q@reddit.com,2020-05-21,2020-09-16
cbruinemann5j@hibu.com,2020-03-01,2020-05-07
lfawdry6d@columbia.edu,2019-11-28,2020-02-11
ahathorn48@xing.com,2020-04-05,2020-04-23
jlapidus5x@hp.com,2020-06-14,2020-04-16
jcurds4i@sitemeter.com,2020-09-08,2020-09-16
cblacksell8a@jugem.jp,2020-05-01,2020-03-08
lswidenbanka5@nationalgeographic.com,2020-07-26,2020-02-20
mlodeke80@wunderground.com,2020-02-27,2020-03-18
clarking77@craigslist.org,2020-02-23,2020-06-06
gmcmahonc@usnews.com,2019-12-09,2020-06-12
jriviliscl@cnn.com,2020-04-29,2020-10-03
tmoremanas@huffingtonpost.com,2019-11-18,2020-02-18
tlabes3x@businessinsider.com,2020-03-20,2020-09-17
hkeldb1@opera.com,2019-11-17,2020-10-23
lscotchmuru@tuttocitta.it,2019-11-24,2019-11-17
cbradd9l@merriam-webster.com,2020-07-16,2019-11-14
ebrunelli5m@domainmarket.com,2020-05-01,2019-12-04
cpickthallcs@multiply.com,2020-10-24,2020-05-11
mjoplin6w@examiner.com,2020-02-11,2020-01-06
hkaysercr@xrea.com,2020-02-18,2020-01-18
kcheco6l@army.mil,2019-12-03,2020-06-07
jcurds4i@sitemeter.com,2020-05-07,2019-12-15
sstyle63@yahoo.co.jp,2020-01-05,2020-01-04
llowing1m@washington.edu,2020-04-16,2020-06-28
aebanks66@adobe.com,2020-02-27,2020-04-28
vaddeydv@wikispaces.com,2020-06-24,2020-01-22
jlockitt1z@java.com,2020-03-27,2020-03-10
cbly3i@wix.com,2020-02-01,2020-03-27
dizachik6m@dmoz.org,2020-05-11,2020-05-23
emeasures2o@creativecommons.org,2020-09-18,2020-03-05
wagronski4e@parallels.com,2020-08-22,2020-01-10
mhenrychax@twitter.com,2020-01-20,2019-12-26
gwanellaq@paypal.com,2020-06-06,2020-07-02
strowler9h@princeton.edu,2020-08-23,2019-11-27
ichattdc@merriam-webster.com,2020-03-18,2020-04-25
kformanp@cam.ac.uk,2019-11-10,2020-10-23
jdurrant4x@ehow.com,2020-09-06,2019-10-31
jrugge9o@bloglines.com,2020-01-29,2020-10-04
bfrill7c@newyorker.com,2020-07-23,2020-02-24
dbruin8x@bloglovin.com,2019-11-15,2019-11-08
wcarlsen54@sina.com.cn,2020-02-08,2019-11-24
jkernock4n@reuters.com,2020-05-19,2020-07-05
wcarlsen54@sina.com.cn,2020-10-08,2020-07-22
hpoon6x@geocities.com,2019-11-17,2020-02-16
dwanell5n@moonfruit.com,2020-05-20,2019-11-30
lroubay84@usda.gov,2020-05-01,2020-03-09
npiser4d@ox.ac.uk,2020-07-25,2020-06-20
cbradd9l@merriam-webster.com,2020-05-09,2020-03-01
fcollifordad@java.com,2020-09-27,2019-12-21
mhousecroft39@nature.com,2020-01-10,2020-04-22
sgayton37@shutterfly.com,2020-05-18,2020-10-14
deastup1s@nymag.com,2020-06-07,2019-11-24
tfraniak9y@mapy.cz,2020-07-13,2020-01-06
ahoppner8y@wunderground.com,2020-07-13,2020-02-25
obartkiewicz73@xing.com,2020-03-22,2020-01-13
dgriffin20@hugedomains.com,2020-10-05,2020-02-03
gpalfreyman25@fema.gov,2020-02-21,2020-02-21
mpaylercp@sun.com,2020-10-01,2020-02-19
cmillamci@sbwire.com,2020-10-11,2020-07-03
strowler9h@princeton.edu,2020-05-17,2020-06-27
aainslie85@webeden.co.uk,2020-06-25,2020-10-07
brevey26@over-blog.com,2020-08-29,2020-05-08
fauchterlony2v@behance.net,2019-11-08,2019-10-28
tmundle4c@barnesandnoble.com,2020-09-20,2019-12-09
lcrambab@topsy.com,2020-05-03,2020-09-19
rchesonai@jalbum.net,2020-05-11,2020-06-20
adumbeltonae@4shared.com,2019-12-12,2019-12-23
rbenns5u@alibaba.com,2020-06-13,2020-07-06
cbrangan5a@cbslocal.com,2020-04-05,2019-12-11
bcowins1e@slate.com,2020-01-08,2019-11-27
ejanota7n@time.com,2019-12-27,2020-06-04
jkeasleya2@1und1.de,2020-07-06,2020-09-11
sshambrooke4s@businesswire.com,2020-01-23,2020-05-12
fhindes7w@telegraph.co.uk,2020-07-31,2020-03-01
vscotts2d@sourceforge.net,2020-05-11,2020-07-12
gsugar2n@skyrock.com,2020-01-31,2019-11-30
evannozziia1@stanford.edu,2020-05-06,2020-09-06
hledford8r@friendfeed.com,2020-08-29,2020-08-04
mbullerwell7d@simplemachines.org,2020-03-05,2020-04-05
bveitcht@smh.com.au,2020-05-17,2020-07-18
cblacksell8a@jugem.jp,2020-04-27,2020-10-17
mhenrychax@twitter.com,2020-07-14,2020-04-12
cblacksell8a@jugem.jp,2020-05-15,2020-08-06
hpetyakov2u@google.co.jp,2020-06-22,2020-08-14
rredd61@addtoany.com,2019-11-13,2020-07-12
plannen1x@mediafire.com,2019-11-15,2020-01-16
ksaveall8e@hatena.ne.jp,2020-02-03,2020-09-25
vbeech8@addthis.com,2019-12-24,2019-12-02
lwadforth7g@istockphoto.com,2020-08-14,2020-07-03
bferronel86@aol.com,2020-03-07,2020-05-12
cfifoot1v@europa.eu,2020-05-11,2020-05-08
wtreagust5e@ocn.ne.jp,2020-03-05,2020-01-19
ranani@nifty.com,2019-12-14,2020-01-07
cmcsperrin4j@springer.com,2020-04-06,2020-02-09
fchettoe49@blog.com,2020-01-09,2020-04-19
lhedylstone29@nhs.uk,2020-08-22,2020-10-23
clindell1f@pcworld.com,2020-07-09,2020-01-09
lpfeffle5h@xrea.com,2020-10-07,2019-11-01
cocallaghan0@linkedin.com,2020-06-17,2019-12-10
ttemplar7v@auda.org.au,2020-10-20,2020-09-09
dwyethd7@blinklist.com,2020-05-20,2020-01-03
jocheltree4v@admin.ch,2020-06-19,2020-05-29
byorkeca@acquirethisname.com,2020-01-04,2020-09-28
edunford5i@techcrunch.com,2020-09-04,2019-11-16
rblonfielda0@whitehouse.gov,2020-01-23,2019-12-30
nmarchisoc3@japanpost.jp,2020-07-22,2020-03-28
omenlow4k@vinaora.com,2020-01-05,2020-07-29
jsimmoniteb9@scientificamerican.com,2019-11-04,2020-05-24
cclunan1c@hibu.com,2019-12-24,2020-07-12
ncarenb@prnewswire.com,2020-05-08,2020-08-22
jsilverwood67@goodreads.com,2019-11-28,2019-12-23
mipgravecc@blog.com,2020-01-19,2019-12-02
cboltdj@biblegateway.com,2020-04-15,2020-08-26
cblacksell8a@jugem.jp,2020-05-08,2020-06-16
mslaterbi@ustream.tv,2020-08-10,2019-11-05
aturfs7l@google.co.jp,2020-06-28,2020-01-27
acyphusbd@discovery.com,2020-03-06,2020-03-27
eraycroft1w@sitemeter.com,2020-05-29,2020-06-04
eraycroft1w@sitemeter.com,2020-02-17,2020-05-28
bblenkinb4@nbcnews.com,2020-02-20,2019-11-06
omeletti41@ifeng.com,2020-06-03,2020-06-30
bdjurisicb7@technorati.com,2020-04-14,2020-05-12
mrosgen1b@gizmodo.com,2019-11-20,2020-02-19
asimonin4q@uiuc.edu,2019-12-03,2020-07-26
wrampleech@nsw.gov.au,2020-05-17,2020-06-12
sjermyy@nba.com,2020-04-27,2020-07-04
egorges3d@europa.eu,2020-09-28,2019-11-12
rbenns5u@alibaba.com,2020-09-08,2020-05-21
jsimmoniteb9@scientificamerican.com,2020-05-27,2020-02-03
asherwell7q@economist.com,2020-01-28,2020-05-18
cwestwood5@hc360.com,2020-03-15,2020-02-24
emeasures2o@creativecommons.org,2020-09-03,2020-02-26
wgraffin9k@indiegogo.com,2020-04-08,2020-10-10
jwolters28@over-blog.com,2020-07-14,2020-10-08
cbruinemann5j@hibu.com,2020-08-15,2019-11-04
cdenerley7e@cdc.gov,2020-06-17,2020-05-29
pgebuhr1y@reuters.com,2020-03-21,2020-03-20
lhedylstone29@nhs.uk,2019-12-31,2020-07-30
cboltdj@biblegateway.com,2020-02-01,2020-05-02
cbly3i@wix.com,2020-01-15,2020-05-11
tlabes3x@businessinsider.com,2020-08-17,2019-12-08
cocallaghan0@linkedin.com,2020-07-17,2020-02-15
mjillings2r@geocities.com,2020-03-15,2020-08-13
nmarchisoc3@japanpost.jp,2020-05-14,2020-03-05
msancias2c@multiply.com,2020-04-08,2019-11-25
wchattaway31@ezinearticles.com,2020-03-05,2020-08-07
mwatsham3e@cam.ac.uk,2020-10-12,2020-05-14
rconachiecd@huffingtonpost.com,2020-05-27,2020-07-11
lbatten69@shop-pro.jp,2019-10-29,2019-11-17
dpratty8t@amazon.de,2020-02-17,2020-02-08
hkaysercr@xrea.com,2020-01-09,2020-06-13
lfawdry6d@columbia.edu,2020-04-06,2019-12-26
jkeasleya2@1und1.de,2020-09-25,2020-07-23
gdudden38@webmd.com,2020-03-30,2020-01-22
mjoplin6w@examiner.com,2020-02-16,2020-10-07
azoellnerbc@shutterfly.com,2020-05-12,2020-01-05
tlabes3x@businessinsider.com,2020-06-11,2020-10-24
nmolnark@indiegogo.com,2019-11-30,2020-08-08
cmaddicks71@webmd.com,2019-12-15,2020-07-01
boheyne2w@odnoklassniki.ru,2020-10-03,2020-10-24
awhorall1t@pen.io,2020-06-22,2020-03-30
vaddeydv@wikispaces.com,2020-08-29,2020-01-17
fchettoe49@blog.com,2020-05-12,2019-10-31
bbesset7u@constantcontact.com,2020-06-01,2019-12-26
jbaldree36@mashable.com,2020-07-08,2020-06-08
tyuranovev2y@sciencedirect.com,2019-12-05,2020-05-26
ejanota7n@time.com,2020-03-02,2020-05-03
veye3w@bing.com,2020-04-29,2020-01-22
rmcillrick5g@wunderground.com,2020-04-30,2020-04-07
bdundon52@wikispaces.com,2019-12-18,2020-01-27
omenlow4k@vinaora.com,2020-07-06,2019-12-20
mkinder4p@ft.com,2020-05-25,2020-01-09
cwallwoodcz@yellowbook.com,2020-02-18,2019-12-22
clindell1f@pcworld.com,2020-10-02,2020-10-07
cambroixdk@ezinearticles.com,2020-04-08,2020-01-28
sjermyy@nba.com,2020-01-19,2019-11-03
ejanuszkiewicz4r@prlog.org,2019-12-23,2020-07-31
arobensaj@1688.com,2020-01-26,2020-04-29
pvanbf@ihg.com,2020-07-19,2020-07-25
lhedylstone29@nhs.uk,2020-10-27,2020-05-22
rgregoracibl@chicagotribune.com,2020-02-07,2020-09-12
lgreenhouse2k@technorati.com,2020-04-12,2020-01-28
fduchaml@globo.com,2019-11-08,2020-01-16
wtreagust5e@ocn.ne.jp,2020-05-28,2020-08-24
mcoupman9b@indiatimes.com,2020-02-28,2019-11-10
lmarvellcg@spiegel.de,2020-09-01,2020-09-07
ekelbie30@tumblr.com,2019-11-03,2020-04-26
sdundonbg@people.com.cn,2020-03-14,2020-01-30
cwicken2t@usnews.com,2020-03-11,2019-12-23
strowler9h@princeton.edu,2020-10-01,2020-06-28
hblasoni3n@phpbb.com,2020-07-05,2019-11-07
bmarcone9s@oaic.gov.au,2020-08-08,2020-09-19
mbestwall91@youtube.com,2020-09-29,2020-05-28
hmohammed9n@ameblo.jp,2020-02-02,2020-02-15
rcrosier4b@utexas.edu,2020-09-27,2020-03-08
ahathorn48@xing.com,2020-06-28,2020-09-23
ajurewicz2i@theatlantic.com,2020-04-10,2020-01-26
tburdecq@webnode.com,2020-05-23,2020-10-10
eflipsenc5@squarespace.com,2020-09-11,2020-07-02
ebeehoa@msn.com,2020-05-14,2020-01-16
hwelfairc1@globo.com,2020-01-19,2020-05-06
jgloucesterbm@nba.com,2020-08-16,2020-06-30
yquiggau@ifeng.com,2020-04-30,2020-08-20
tburdecq@webnode.com,2020-03-02,2020-10-25
bniesegenb2@4shared.com,2020-09-08,2020-07-05
obabcock6o@baidu.com,2020-09-28,2020-06-23
mcoupman9b@indiatimes.com,2020-07-06,2020-03-27
lwadforth7g@istockphoto.com,2020-09-07,2020-10-09
wagronski4e@parallels.com,2020-10-24,2019-11-12
aboijdo@mashable.com,2020-03-15,2020-09-19
cwallwoodcz@yellowbook.com,2020-10-20,2020-01-09
scasperri1k@msn.com,2020-08-07,2020-01-12
cingleton4z@altervista.org,2019-12-02,2020-05-22
gfantinib0@bing.com,2020-07-30,2019-11-27
cross1o@goo.ne.jp,2020-03-26,2020-03-16
nlearman3s@gnu.org,2020-01-13,2020-01-20
mchicchellis@slideshare.net,2019-11-11,2020-03-16
ede7b@arizona.edu,2020-01-23,2020-07-19
mchicchellis@slideshare.net,2019-12-01,2020-07-08
mbestwall91@youtube.com,2020-07-06,2019-12-02
fdacres5k@businesswire.com,2020-04-15,2020-02-07
bveitcht@smh.com.au,2019-12-03,2020-09-16
jgloucesterbm@nba.com,2019-12-14,2020-04-30
kflancinbaumcf@smugmug.com,2020-06-28,2020-09-27
ccasassa8m@apache.org,2020-08-21,2020-04-27
lverne2a@vimeo.com,2020-05-05,2020-09-22
oeccleshallap@woothemes.com,2020-09-25,2020-01-23
cluigibb@bbc.co.uk,2020-09-10,2020-05-24
creichertbp@biglobe.ne.jp,2019-11-04,2020-08-12
eeaglestone6a@ovh.net,2020-02-17,2019-12-21
bblackeydi@live.com,2020-01-01,2020-01-18
hbillesd0@taobao.com,2020-06-28,2020-07-14
hroiz9a@cyberchimps.com,2019-12-24,2019-11-20
lmaldenc6@pinterest.com,2019-11-11,2019-11-01
wagronski4e@parallels.com,2019-12-13,2019-11-17
bkybbye9e@seesaa.net,2020-06-16,2019-12-07
hcullinana6@addthis.com,2020-10-24,2020-10-10
dstorrar7r@unc.edu,2020-06-08,2020-03-19
eflipsenc5@squarespace.com,2020-06-27,2020-01-24
afanceba@domainmarket.com,2020-05-01,2020-08-08
lkeattch8f@cnet.com,2020-03-18,2020-07-11
rblonfielda0@whitehouse.gov,2020-02-26,2020-07-22
sjermyy@nba.com,2019-12-10,2020-06-07
tyuranovev2y@sciencedirect.com,2020-06-16,2020-04-30
vconen8d@senate.gov,2020-01-06,2020-06-12
mrosettiniam@webs.com,2020-07-15,2019-12-07
omeletti41@ifeng.com,2020-07-31,2020-04-01
gwanellaq@paypal.com,2020-05-02,2020-05-01
wtreagust5e@ocn.ne.jp,2020-08-12,2020-08-10
salphegec9@sourceforge.net,2019-11-07,2020-02-20
tsootbv@posterous.com,2020-10-22,2020-07-10
kspong6g@whitehouse.gov,2020-10-13,2020-09-06
clarking77@craigslist.org,2020-09-25,2020-05-20
ekalinsky19@typepad.com,2020-06-20,2020-04-12
nmolnark@indiegogo.com,2020-03-08,2019-12-08
cfifoot1v@europa.eu,2020-01-07,2020-08-07
ashakeshaft6t@google.de,2020-09-21,2020-05-27
cmcsperrin4j@springer.com,2020-04-16,2020-01-26
tadriaan6u@pbs.org,2020-07-06,2020-05-29
hgladdinc4@google.pl,2020-08-20,2020-08-07
agethyn1h@phpbb.com,2020-01-06,2020-07-21
bgready8p@geocities.jp,2020-08-25,2020-08-21
rblonfielda0@whitehouse.gov,2020-03-05,2019-12-19
evannozziia1@stanford.edu,2020-01-17,2020-04-30
fjenkison3f@csmonitor.com,2020-05-19,2020-01-09
